Time,Tag,Strike,CE LTP,CE OI,CE OI Chg,PE OI Chg,PE OI,PE LTP,Net Delta (PE-CE),Signal,Bias,Spot_Price,ATM_Strike
00:36:19,ATM -2,22450,141.35,1791075,-508625,3967150,6061250,37.55,4475775,🟢 Long Build-up,Bullish,22555.75,22550
00:36:19,ATM -1,22500,107.55,7929220,1042800,7330240,12246000,53.65,6287440,🟢 Long Build-up,Bullish,22555.75,22550
00:36:19,ATM,22550,79.5,6496945,2138765,4178590,5216510,74.15,2039825,🟢 Long Build-up,Bullish,22555.75,22550
00:36:19,ATM +1,22600,55.65,10677810,4588410,2562235,5075395,101.15,-2026175,🔴 Short Buildup (Divergence),Bearish,22555.75,22550
00:36:19,ATM +2,22650,36.35,6547905,154375,449540,1151605,132.45,295165,🟢 Long Build-up,Bullish,22555.75,22550
00:37:03,ATM -2,22450,141.35,1791075,-508625,3967150,6061250,37.55,4475775,🟢 Long Build-up,Bullish,22555.75,22550
00:37:03,ATM -1,22500,107.55,7929220,1042800,7330240,12246000,53.65,6287440,🟢 Long Build-up,Bullish,22555.75,22550
00:37:03,ATM,22550,79.5,6496945,2138765,4178590,5216510,74.15,2039825,🟢 Long Build-up,Bullish,22555.75,22550
00:37:03,ATM +1,22600,55.65,10677810,4588410,2562235,5075395,101.15,-2026175,🔴 Short Buildup (Divergence),Bearish,22555.75,22550
00:37:03,ATM +2,22650,36.35,6547905,154375,449540,1151605,132.45,295165,🟢 Long Build-up,Bullish,22555.75,22550
00:38:04,ATM -2,22450,141.35,1791075,-508625,3967150,6061250,37.55,4475775,🟢 Long Build-up,Bullish,22555.75,22550
00:38:04,ATM -1,22500,107.55,7929220,1042800,7330240,12246000,53.65,6287440,🟢 Long Build-up,Bullish,22555.75,22550
00:38:04,ATM,22550,79.5,6496945,2138765,4178590,5216510,74.15,2039825,🟢 Long Build-up,Bullish,22555.75,22550
00:38:04,ATM +1,22600,55.65,10677810,4588410,2562235,5075395,101.15,-2026175,🔴 Short Buildup (Divergence),Bearish,22555.75,22550
00:38:04,ATM +2,22650,36.35,6547905,154375,449540,1151605,132.45,295165,🟢 Long Build-up,Bullish,22555.75,22550
00:39:01,ATM -2,22450,141.35,1791075,-508625,3967150,6061250,37.55,4475775,🟢 Long Build-up,Bullish,22555.75,22550
00:39:01,ATM -1,22500,107.55,7929220,1042800,7330240,12246000,53.65,6287440,🟢 Long Build-up,Bullish,22555.75,22550
00:39:01,ATM,22550,79.5,6496945,2138765,4178590,5216510,74.15,2039825,🟢 Long Build-up,Bullish,22555.75,22550
00:39:01,ATM +1,22600,55.65,10677810,4588410,2562235,5075395,101.15,-2026175,🔴 Short Buildup (Divergence),Bearish,22555.75,22550
00:39:01,ATM +2,22650,36.35,6547905,154375,449540,1151605,132.45,295165,🟢 Long Build-up,Bullish,22555.75,22550
00:40:00,ATM -2,22450,141.35,1791075,-508625,3967150,6061250,37.55,4475775,🟢 Long Build-up,Bullish,22555.75,22550
00:40:00,ATM -1,22500,107.55,7929220,1042800,7330240,12246000,53.65,6287440,🟢 Long Build-up,Bullish,22555.75,22550
00:40:00,ATM,22550,79.5,6496945,2138765,4178590,5216510,74.15,2039825,🟢 Long Build-up,Bullish,22555.75,22550
00:40:00,ATM +1,22600,55.65,10677810,4588410,2562235,5075395,101.15,-2026175,🔴 Short Buildup (Divergence),Bearish,22555.75,22550
00:40:00,ATM +2,22650,36.35,6547905,154375,449540,1151605,132.45,295165,🟢 Long Build-up,Bullish,22555.75,22550
00:41:01,ATM -2,22450,141.35,1791075,-508625,3967150,6061250,37.55,4475775,🟢 Long Build-up,Bullish,22555.75,22550
00:41:01,ATM -1,22500,107.55,7929220,1042800,7330240,12246000,53.65,6287440,🟢 Long Build-up,Bullish,22555.75,22550
00:41:01,ATM,22550,79.5,6496945,2138765,4178590,5216510,74.15,2039825,🟢 Long Build-up,Bullish,22555.75,22550
00:41:01,ATM +1,22600,55.65,10677810,4588410,2562235,5075395,101.15,-2026175,🔴 Short Buildup (Divergence),Bearish,22555.75,22550
00:41:01,ATM +2,22650,36.35,6547905,154375,449540,1151605,132.45,295165,🟢 Long Build-up,Bullish,22555.75,22550
00:42:01,ATM -2,22450,141.35,1791075,-508625,3967150,6061250,37.55,4475775,🟢 Long Build-up,Bullish,22555.75,22550
00:42:01,ATM -1,22500,107.55,7929220,1042800,7330240,12246000,53.65,6287440,🟢 Long Build-up,Bullish,22555.75,22550
00:42:01,ATM,22550,79.5,6496945,2138765,4178590,5216510,74.15,2039825,🟢 Long Build-up,Bullish,22555.75,22550
00:42:01,ATM +1,22600,55.65,10677810,4588410,2562235,5075395,101.15,-2026175,🔴 Short Buildup (Divergence),Bearish,22555.75,22550
00:42:01,ATM +2,22650,36.35,6547905,154375,449540,1151605,132.45,295165,🟢 Long Build-up,Bullish,22555.75,22550
00:43:01,ATM -2,22450,141.35,1791075,-508625,3967150,6061250,37.55,4475775,🟢 Long Build-up,Bullish,22555.75,22550
00:43:01,ATM -1,22500,107.55,7929220,1042800,7330240,12246000,53.65,6287440,🟢 Long Build-up,Bullish,22555.75,22550
00:43:01,ATM,22550,79.5,6496945,2138765,4178590,5216510,74.15,2039825,🟢 Long Build-up,Bullish,22555.75,22550
00:43:01,ATM +1,22600,55.65,10677810,4588410,2562235,5075395,101.15,-2026175,🔴 Short Buildup (Divergence),Bearish,22555.75,22550
00:43:01,ATM +2,22650,36.35,6547905,154375,449540,1151605,132.45,295165,🟢 Long Build-up,Bullish,22555.75,22550
00:44:05,ATM -2,22450,141.35,1791075,-508625,3967150,6061250,37.55,4475775,🟢 Long Build-up,Bullish,22555.75,22550
00:44:05,ATM -1,22500,107.55,7929220,1042800,7330240,12246000,53.65,6287440,🟢 Long Build-up,Bullish,22555.75,22550
00:44:05,ATM,22550,79.5,6496945,2138765,4178590,5216510,74.15,2039825,🟢 Long Build-up,Bullish,22555.75,22550
00:44:05,ATM +1,22600,55.65,10677810,4588410,2562235,5075395,101.15,-2026175,🔴 Short Buildup (Divergence),Bearish,22555.75,22550
00:44:05,ATM +2,22650,36.35,6547905,154375,449540,1151605,132.45,295165,🟢 Long Build-up,Bullish,22555.75,22550
00:45:51,ATM -2,22450,0.0,0,0,0,0,0.0,0,⚪ Consolidation,Neutral,22555.75,22550
00:45:51,ATM -1,22500,0.0,0,0,0,0,0.0,0,⚪ Consolidation,Neutral,22555.75,22550
00:45:51,ATM,22550,0.0,0,0,0,0,0.0,0,⚪ Consolidation,Neutral,22555.75,22550
00:45:51,ATM +1,22600,0.0,0,0,0,0,0.0,0,⚪ Consolidation,Neutral,22555.75,22550
00:45:51,ATM +2,22650,0.0,0,0,0,0,0.0,0,⚪ Consolidation,Neutral,22555.75,22550
00:46:02,ATM -2,22450,141.35,1791075,-508625,3967150,6061250,37.55,4475775,🟢 Long Build-up,Bullish,22555.75,22550
00:46:02,ATM -1,22500,107.55,7929220,1042800,7330240,12246000,53.65,6287440,🟢 Long Build-up,Bullish,22555.75,22550
00:46:02,ATM,22550,79.5,6496945,2138765,4178590,5216510,74.15,2039825,🟢 Long Build-up,Bullish,22555.75,22550
00:46:02,ATM +1,22600,55.65,10677810,4588410,2562235,5075395,101.15,-2026175,🔴 Short Buildup (Divergence),Bearish,22555.75,22550
00:46:02,ATM +2,22650,36.35,6547905,154375,449540,1151605,132.45,295165,🟢 Long Build-up,Bullish,22555.75,22550
00:47:03,ATM -2,22450,141.35,1791075,-508625,3967150,6061250,37.55,4475775,🟢 Long Build-up,Bullish,22555.75,22550
00:47:03,ATM -1,22500,107.55,7929220,1042800,7330240,12246000,53.65,6287440,🟢 Long Build-up,Bullish,22555.75,22550
00:47:03,ATM,22550,79.5,6496945,2138765,4178590,5216510,74.15,2039825,🟢 Long Build-up,Bullish,22555.75,22550
00:47:03,ATM +1,22600,55.65,10677810,4588410,2562235,5075395,101.15,-2026175,🔴 Short Buildup (Divergence),Bearish,22555.75,22550
00:47:03,ATM +2,22650,36.35,6547905,154375,449540,1151605,132.45,295165,🟢 Long Build-up,Bullish,22555.75,22550
00:48:02,ATM -2,22450,141.35,1791075,-508625,3967150,6061250,37.55,4475775,🟢 Long Build-up,Bullish,22555.75,22550
00:48:02,ATM -1,22500,107.55,7929220,1042800,7330240,12246000,53.65,6287440,🟢 Long Build-up,Bullish,22555.75,22550
00:48:02,ATM,22550,79.5,6496945,2138765,4178590,5216510,74.15,2039825,🟢 Long Build-up,Bullish,22555.75,22550
00:48:02,ATM +1,22600,55.65,10677810,4588410,2562235,5075395,101.15,-2026175,🔴 Short Buildup (Divergence),Bearish,22555.75,22550
00:48:02,ATM +2,22650,36.35,6547905,154375,449540,1151605,132.45,295165,🟢 Long Build-up,Bullish,22555.75,22550
00:49:01,ATM -2,22450,141.35,1791075,-508625,3967150,6061250,37.55,4475775,🟢 Long Build-up,Bullish,22555.75,22550
00:49:01,ATM -1,22500,107.55,7929220,1042800,7330240,12246000,53.65,6287440,🟢 Long Build-up,Bullish,22555.75,22550
00:49:01,ATM,22550,79.5,6496945,2138765,4178590,5216510,74.15,2039825,🟢 Long Build-up,Bullish,22555.75,22550
00:49:01,ATM +1,22600,55.65,10677810,4588410,2562235,5075395,101.15,-2026175,🔴 Short Buildup (Divergence),Bearish,22555.75,22550
00:49:01,ATM +2,22650,36.35,6547905,154375,449540,1151605,132.45,295165,🟢 Long Build-up,Bullish,22555.75,22550
00:50:03,ATM -2,22450,141.35,1791075,-508625,3967150,6061250,37.55,4475775,🟢 Long Build-up,Bullish,22555.75,22550
00:50:03,ATM -1,22500,107.55,7929220,1042800,7330240,12246000,53.65,6287440,🟢 Long Build-up,Bullish,22555.75,22550
00:50:03,ATM,22550,79.5,6496945,2138765,4178590,5216510,74.15,2039825,🟢 Long Build-up,Bullish,22555.75,22550
00:50:03,ATM +1,22600,55.65,10677810,4588410,2562235,5075395,101.15,-2026175,🔴 Short Buildup (Divergence),Bearish,22555.75,22550
00:50:03,ATM +2,22650,36.35,6547905,154375,449540,1151605,132.45,295165,🟢 Long Build-up,Bullish,22555.75,22550
00:51:03,ATM -2,22450,141.35,1791075,-508625,3967150,6061250,37.55,4475775,🟢 Long Build-up,Bullish,22555.75,22550
00:51:03,ATM -1,22500,107.55,7929220,1042800,7330240,12246000,53.65,6287440,🟢 Long Build-up,Bullish,22555.75,22550
00:51:03,ATM,22550,79.5,6496945,2138765,4178590,5216510,74.15,2039825,🟢 Long Build-up,Bullish,22555.75,22550
00:51:03,ATM +1,22600,55.65,10677810,4588410,2562235,5075395,101.15,-2026175,🔴 Short Buildup (Divergence),Bearish,22555.75,22550
00:51:03,ATM +2,22650,36.35,6547905,154375,449540,1151605,132.45,295165,🟢 Long Build-up,Bullish,22555.75,22550
00:52:03,ATM -2,22450,141.35,1791075,-508625,3967150,6061250,37.55,4475775,🟢 Long Build-up,Bullish,22555.75,22550
00:52:03,ATM -1,22500,107.55,7929220,1042800,7330240,12246000,53.65,6287440,🟢 Long Build-up,Bullish,22555.75,22550
00:52:03,ATM,22550,79.5,6496945,2138765,4178590,5216510,74.15,2039825,🟢 Long Build-up,Bullish,22555.75,22550
00:52:03,ATM +1,22600,55.65,10677810,4588410,2562235,5075395,101.15,-2026175,🔴 Short Buildup (Divergence),Bearish,22555.75,22550
00:52:03,ATM +2,22650,36.35,6547905,154375,449540,1151605,132.45,295165,🟢 Long Build-up,Bullish,22555.75,22550
00:53:03,ATM -2,22450,141.35,1791075,-508625,3967150,6061250,37.55,4475775,🟢 Long Build-up,Bullish,22555.75,22550
00:53:03,ATM -1,22500,107.55,7929220,1042800,7330240,12246000,53.65,6287440,🟢 Long Build-up,Bullish,22555.75,22550
00:53:03,ATM,22550,79.5,6496945,2138765,4178590,5216510,74.15,2039825,🟢 Long Build-up,Bullish,22555.75,22550
00:53:03,ATM +1,22600,55.65,10677810,4588410,2562235,5075395,101.15,-2026175,🔴 Short Buildup (Divergence),Bearish,22555.75,22550
00:53:03,ATM +2,22650,36.35,6547905,154375,449540,1151605,132.45,295165,🟢 Long Build-up,Bullish,22555.75,22550
00:54:01,ATM -2,22450,141.35,1791075,-508625,3967150,6061250,37.55,4475775,🟢 Long Build-up,Bullish,22555.75,22550
00:54:01,ATM -1,22500,107.55,7929220,1042800,7330240,12246000,53.65,6287440,🟢 Long Build-up,Bullish,22555.75,22550
00:54:01,ATM,22550,79.5,6496945,2138765,4178590,5216510,74.15,2039825,🟢 Long Build-up,Bullish,22555.75,22550
00:54:01,ATM +1,22600,55.65,10677810,4588410,2562235,5075395,101.15,-2026175,🔴 Short Buildup (Divergence),Bearish,22555.75,22550
00:54:01,ATM +2,22650,36.35,6547905,154375,449540,1151605,132.45,295165,🟢 Long Build-up,Bullish,22555.75,22550
00:55:01,ATM -2,22450,141.35,1791075,-508625,3967150,6061250,37.55,4475775,🟢 Long Build-up,Bullish,22555.75,22550
00:55:01,ATM -1,22500,107.55,7929220,1042800,7330240,12246000,53.65,6287440,🟢 Long Build-up,Bullish,22555.75,22550
00:55:01,ATM,22550,79.5,6496945,2138765,4178590,5216510,74.15,2039825,🟢 Long Build-up,Bullish,22555.75,22550
00:55:01,ATM +1,22600,55.65,10677810,4588410,2562235,5075395,101.15,-2026175,🔴 Short Buildup (Divergence),Bearish,22555.75,22550
00:55:01,ATM +2,22650,36.35,6547905,154375,449540,1151605,132.45,295165,🟢 Long Build-up,Bullish,22555.75,22550
00:56:01,ATM -2,22450,141.35,1791075,-508625,3967150,6061250,37.55,4475775,🟢 Long Build-up,Bullish,22555.75,22550
00:56:01,ATM -1,22500,107.55,7929220,1042800,7330240,12246000,53.65,6287440,🟢 Long Build-up,Bullish,22555.75,22550
00:56:01,ATM,22550,79.5,6496945,2138765,4178590,5216510,74.15,2039825,🟢 Long Build-up,Bullish,22555.75,22550
00:56:01,ATM +1,22600,55.65,10677810,4588410,2562235,5075395,101.15,-2026175,🔴 Short Buildup (Divergence),Bearish,22555.75,22550
00:56:01,ATM +2,22650,36.35,6547905,154375,449540,1151605,132.45,295165,🟢 Long Build-up,Bullish,22555.75,22550
00:57:02,ATM -2,22450,141.35,1791075,-508625,3967150,6061250,37.55,4475775,🟢 Long Build-up,Bullish,22555.75,22550
00:57:02,ATM -1,22500,107.55,7929220,1042800,7330240,12246000,53.65,6287440,🟢 Long Build-up,Bullish,22555.75,22550
00:57:02,ATM,22550,79.5,6496945,2138765,4178590,5216510,74.15,2039825,🟢 Long Build-up,Bullish,22555.75,22550
00:57:02,ATM +1,22600,55.65,10677810,4588410,2562235,5075395,101.15,-2026175,🔴 Short Buildup (Divergence),Bearish,22555.75,22550
00:57:02,ATM +2,22650,36.35,6547905,154375,449540,1151605,132.45,295165,🟢 Long Build-up,Bullish,22555.75,22550
00:58:01,ATM -2,22450,141.35,1791075,-508625,3967150,6061250,37.55,4475775,🟢 Long Build-up,Bullish,22555.75,22550
00:58:01,ATM -1,22500,107.55,7929220,1042800,7330240,12246000,53.65,6287440,🟢 Long Build-up,Bullish,22555.75,22550
00:58:01,ATM,22550,79.5,6496945,2138765,4178590,5216510,74.15,2039825,🟢 Long Build-up,Bullish,22555.75,22550
00:58:01,ATM +1,22600,55.65,10677810,4588410,2562235,5075395,101.15,-2026175,🔴 Short Buildup (Divergence),Bearish,22555.75,22550
00:58:01,ATM +2,22650,36.35,6547905,154375,449540,1151605,132.45,295165,🟢 Long Build-up,Bullish,22555.75,22550
00:59:02,ATM -2,22450,141.35,1791075,-508625,3967150,6061250,37.55,4475775,🟢 Long Build-up,Bullish,22555.75,22550
00:59:02,ATM -1,22500,107.55,7929220,1042800,7330240,12246000,53.65,6287440,🟢 Long Build-up,Bullish,22555.75,22550
00:59:02,ATM,22550,79.5,6496945,2138765,4178590,5216510,74.15,2039825,🟢 Long Build-up,Bullish,22555.75,22550
00:59:02,ATM +1,22600,55.65,10677810,4588410,2562235,5075395,101.15,-2026175,🔴 Short Buildup (Divergence),Bearish,22555.75,22550
00:59:02,ATM +2,22650,36.35,6547905,154375,449540,1151605,132.45,295165,🟢 Long Build-up,Bullish,22555.75,22550
01:00:00,ATM -2,22450,141.35,1791075,-508625,3967150,6061250,37.55,4475775,🟢 Long Build-up,Bullish,22555.75,22550
01:00:00,ATM -1,22500,107.55,7929220,1042800,7330240,12246000,53.65,6287440,🟢 Long Build-up,Bullish,22555.75,22550
01:00:00,ATM,22550,79.5,6496945,2138765,4178590,5216510,74.15,2039825,🟢 Long Build-up,Bullish,22555.75,22550
01:00:00,ATM +1,22600,55.65,10677810,4588410,2562235,5075395,101.15,-2026175,🔴 Short Buildup (Divergence),Bearish,22555.75,22550
01:00:00,ATM +2,22650,36.35,6547905,154375,449540,1151605,132.45,295165,🟢 Long Build-up,Bullish,22555.75,22550
01:01:02,ATM -2,22450,141.35,1791075,-508625,3967150,6061250,37.55,4475775,🟢 Long Build-up,Bullish,22555.75,22550
01:01:02,ATM -1,22500,107.55,7929220,1042800,7330240,12246000,53.65,6287440,🟢 Long Build-up,Bullish,22555.75,22550
01:01:02,ATM,22550,79.5,6496945,2138765,4178590,5216510,74.15,2039825,🟢 Long Build-up,Bullish,22555.75,22550
01:01:02,ATM +1,22600,55.65,10677810,4588410,2562235,5075395,101.15,-2026175,🔴 Short Buildup (Divergence),Bearish,22555.75,22550
01:01:02,ATM +2,22650,36.35,6547905,154375,449540,1151605,132.45,295165,🟢 Long Build-up,Bullish,22555.75,22550
01:02:02,ATM -2,22450,141.35,1791075,-508625,3967150,6061250,37.55,4475775,🟢 Long Build-up,Bullish,22555.75,22550
01:02:02,ATM -1,22500,107.55,7929220,1042800,7330240,12246000,53.65,6287440,🟢 Long Build-up,Bullish,22555.75,22550
01:02:02,ATM,22550,79.5,6496945,2138765,4178590,5216510,74.15,2039825,🟢 Long Build-up,Bullish,22555.75,22550
01:02:02,ATM +1,22600,55.65,10677810,4588410,2562235,5075395,101.15,-2026175,🔴 Short Buildup (Divergence),Bearish,22555.75,22550
01:02:02,ATM +2,22650,36.35,6547905,154375,449540,1151605,132.45,295165,🟢 Long Build-up,Bullish,22555.75,22550
01:03:02,ATM -2,22450,141.35,1791075,-508625,3967150,6061250,37.55,4475775,🟢 Long Build-up,Bullish,22555.75,22550
01:03:02,ATM -1,22500,107.55,7929220,1042800,7330240,12246000,53.65,6287440,🟢 Long Build-up,Bullish,22555.75,22550
01:03:02,ATM,22550,79.5,6496945,2138765,4178590,5216510,74.15,2039825,🟢 Long Build-up,Bullish,22555.75,22550
01:03:02,ATM +1,22600,55.65,10677810,4588410,2562235,5075395,101.15,-2026175,🔴 Short Buildup (Divergence),Bearish,22555.75,22550
01:03:02,ATM +2,22650,36.35,6547905,154375,449540,1151605,132.45,295165,🟢 Long Build-up,Bullish,22555.75,22550
01:04:01,ATM -2,22450,141.35,1791075,-508625,3967150,6061250,37.55,4475775,🟢 Long Build-up,Bullish,22555.75,22550
01:04:01,ATM -1,22500,107.55,7929220,1042800,7330240,12246000,53.65,6287440,🟢 Long Build-up,Bullish,22555.75,22550
01:04:01,ATM,22550,79.5,6496945,2138765,4178590,5216510,74.15,2039825,🟢 Long Build-up,Bullish,22555.75,22550
01:04:01,ATM +1,22600,55.65,10677810,4588410,2562235,5075395,101.15,-2026175,🔴 Short Buildup (Divergence),Bearish,22555.75,22550
01:04:01,ATM +2,22650,36.35,6547905,154375,449540,1151605,132.45,295165,🟢 Long Build-up,Bullish,22555.75,22550
01:05:00,ATM -2,22450,141.35,1791075,-508625,3967150,6061250,37.55,4475775,🟢 Long Build-up,Bullish,22555.75,22550
01:05:00,ATM -1,22500,107.55,7929220,1042800,7330240,12246000,53.65,6287440,🟢 Long Build-up,Bullish,22555.75,22550
01:05:00,ATM,22550,79.5,6496945,2138765,4178590,5216510,74.15,2039825,🟢 Long Build-up,Bullish,22555.75,22550
01:05:00,ATM +1,22600,55.65,10677810,4588410,2562235,5075395,101.15,-2026175,🔴 Short Buildup (Divergence),Bearish,22555.75,22550
01:05:00,ATM +2,22650,36.35,6547905,154375,449540,1151605,132.45,295165,🟢 Long Build-up,Bullish,22555.75,22550
01:06:03,ATM -2,22450,141.35,1791075,-508625,3967150,6061250,37.55,4475775,🟢 Long Build-up,Bullish,22555.75,22550
01:06:03,ATM -1,22500,107.55,7929220,1042800,7330240,12246000,53.65,6287440,🟢 Long Build-up,Bullish,22555.75,22550
01:06:03,ATM,22550,79.5,6496945,2138765,4178590,5216510,74.15,2039825,🟢 Long Build-up,Bullish,22555.75,22550
01:06:03,ATM +1,22600,55.65,10677810,4588410,2562235,5075395,101.15,-2026175,🔴 Short Buildup (Divergence),Bearish,22555.75,22550
01:06:03,ATM +2,22650,36.35,6547905,154375,449540,1151605,132.45,295165,🟢 Long Build-up,Bullish,22555.75,22550
01:07:01,ATM -2,22450,141.35,1791075,-508625,3967150,6061250,37.55,4475775,🟢 Long Build-up,Bullish,22555.75,22550
01:07:01,ATM -1,22500,107.55,7929220,1042800,7330240,12246000,53.65,6287440,🟢 Long Build-up,Bullish,22555.75,22550
01:07:01,ATM,22550,79.5,6496945,2138765,4178590,5216510,74.15,2039825,🟢 Long Build-up,Bullish,22555.75,22550
01:07:01,ATM +1,22600,55.65,10677810,4588410,2562235,5075395,101.15,-2026175,🔴 Short Buildup (Divergence),Bearish,22555.75,22550
01:07:01,ATM +2,22650,36.35,6547905,154375,449540,1151605,132.45,295165,🟢 Long Build-up,Bullish,22555.75,22550
01:08:02,ATM -2,22450,141.35,1791075,-508625,3967150,6061250,37.55,4475775,🟢 Long Build-up,Bullish,22555.75,22550
01:08:02,ATM -1,22500,107.55,7929220,1042800,7330240,12246000,53.65,6287440,🟢 Long Build-up,Bullish,22555.75,22550
01:08:02,ATM,22550,79.5,6496945,2138765,4178590,5216510,74.15,2039825,🟢 Long Build-up,Bullish,22555.75,22550
01:08:02,ATM +1,22600,55.65,10677810,4588410,2562235,5075395,101.15,-2026175,🔴 Short Buildup (Divergence),Bearish,22555.75,22550
01:08:02,ATM +2,22650,36.35,6547905,154375,449540,1151605,132.45,295165,🟢 Long Build-up,Bullish,22555.75,22550
01:09:01,ATM -2,22450,141.35,1791075,-508625,3967150,6061250,37.55,4475775,🟢 Long Build-up,Bullish,22555.75,22550
01:09:01,ATM -1,22500,107.55,7929220,1042800,7330240,12246000,53.65,6287440,🟢 Long Build-up,Bullish,22555.75,22550
01:09:01,ATM,22550,79.5,6496945,2138765,4178590,5216510,74.15,2039825,🟢 Long Build-up,Bullish,22555.75,22550
01:09:01,ATM +1,22600,55.65,10677810,4588410,2562235,5075395,101.15,-2026175,🔴 Short Buildup (Divergence),Bearish,22555.75,22550
01:09:01,ATM +2,22650,36.35,6547905,154375,449540,1151605,132.45,295165,🟢 Long Build-up,Bullish,22555.75,22550
01:10:00,ATM -2,22450,141.35,1791075,-508625,3967150,6061250,37.55,4475775,🟢 Long Build-up,Bullish,22555.75,22550
01:10:00,ATM -1,22500,107.55,7929220,1042800,7330240,12246000,53.65,6287440,🟢 Long Build-up,Bullish,22555.75,22550
01:10:00,ATM,22550,79.5,6496945,2138765,4178590,5216510,74.15,2039825,🟢 Long Build-up,Bullish,22555.75,22550
01:10:00,ATM +1,22600,55.65,10677810,4588410,2562235,5075395,101.15,-2026175,🔴 Short Buildup (Divergence),Bearish,22555.75,22550
01:10:00,ATM +2,22650,36.35,6547905,154375,449540,1151605,132.45,295165,🟢 Long Build-up,Bullish,22555.75,22550
01:11:00,ATM -2,22450,141.35,1791075,-508625,3967150,6061250,37.55,4475775,🟢 Long Build-up,Bullish,22555.75,22550
01:11:00,ATM -1,22500,107.55,7929220,1042800,7330240,12246000,53.65,6287440,🟢 Long Build-up,Bullish,22555.75,22550
01:11:00,ATM,22550,79.5,6496945,2138765,4178590,5216510,74.15,2039825,🟢 Long Build-up,Bullish,22555.75,22550
01:11:00,ATM +1,22600,55.65,10677810,4588410,2562235,5075395,101.15,-2026175,🔴 Short Buildup (Divergence),Bearish,22555.75,22550
01:11:00,ATM +2,22650,36.35,6547905,154375,449540,1151605,132.45,295165,🟢 Long Build-up,Bullish,22555.75,22550
