epoch,open,high,low,close,volume,datetime,buy_volume,sell_volume,volume_delta,date,session_cvd
1791171900,22532.4,22571.3,22506.35,22568.95,47496484,2026-10-05 09:15,45121660.0,2374824.0,42746836.0,2026-10-05,42746836.0
1791172800,22569.4,22595.4,22560.75,22582.5,21668649,2026-10-05 09:30,13601533.0,8067116.0,5534417.0,2026-10-05,48281253.0
1791173700,22583.3,22621.8,22566.65,22566.9,21149198,2026-10-05 09:45,1057460.0,20091738.0,-19034278.0,2026-10-05,29246975.0
1791174600,22568.25,22577.0,22531.95,22543.75,15081938,2026-10-05 10:00,3950430.0,11131508.0,-7181078.0,2026-10-05,22065897.0
1791175500,22543.65,22560.5,22474.0,22512.95,13404957,2026-10-05 10:15,6036105.0,7368852.0,-1332747.0,2026-10-05,20733150.0
1791176400,22514.95,22534.35,22468.65,22487.25,10659741,2026-10-05 10:30,3017826.0,7641915.0,-4624089.0,2026-10-05,16109061.0
1791177300,22488.55,22511.9,22460.8,22502.5,16141662,2026-10-05 10:45,13172354.0,2969308.0,10203046.0,2026-10-05,26312107.0
1791178200,22503.85,22508.8,22485.9,22487.6,12481344,2026-10-05 11:00,926563.0,11554781.0,-10628218.0,2026-10-05,15683889.0
1791179100,22488.5,22498.6,22451.7,22498.55,16014839,2026-10-05 11:15,15214097.0,800742.0,14413355.0,2026-10-05,30097244.0
1791180000,22499.2,22523.45,22467.6,22468.35,11211786,2026-10-05 11:30,560589.0,10651197.0,-10090608.0,2026-10-05,20006636.0
1791180900,22467.65,22474.5,22433.35,22434.15,18462616,2026-10-05 11:45,923131.0,17539485.0,-16616354.0,2026-10-05,3390282.0
1791181800,22435.4,22452.45,22397.1,22419.4,12538955,2026-10-05 12:00,5051828.0,7487127.0,-2435299.0,2026-10-05,954983.0
1791182700,22421.05,22464.35,22416.85,22458.8,11948310,2026-10-05 12:15,10552244.0,1396066.0,9156178.0,2026-10-05,10111161.0
1791183600,22459.85,22464.5,22441.2,22454.6,10957138,2026-10-05 12:30,6301530.0,4655608.0,1645922.0,2026-10-05,11757083.0
1791184500,22455.2,22481.05,22434.8,22453.7,10813234,2026-10-05 12:45,4418813.0,6394421.0,-1975608.0,2026-10-05,9781475.0
1791185400,22454.4,22475.25,22443.25,22470.45,8085564,2026-10-05 13:00,6872729.0,1212835.0,5659894.0,2026-10-05,15441369.0
1791186300,22472.3,22485.1,22452.7,22463.8,10065599,2026-10-05 13:15,3448400.0,6617199.0,-3168799.0,2026-10-05,12272570.0
1791187200,22465.8,22559.05,22461.75,22555.4,13087677,2026-10-05 13:30,12433293.0,654384.0,11778909.0,2026-10-05,24051479.0
1791188100,22557.75,22569.4,22532.4,22542.1,13988510,2026-10-05 13:45,3667258.0,10321252.0,-6653994.0,2026-10-05,17397485.0
1791189000,22542.4,22563.85,22492.95,22545.9,14784359,2026-10-05 14:00,11041351.0,3743008.0,7298343.0,2026-10-05,24695828.0
1791189900,22547.15,22559.3,22521.75,22555.2,18645017,2026-10-05 14:15,16609210.0,2035807.0,14573403.0,2026-10-05,39269231.0
1791190800,22557.3,22559.2,22536.9,22553.35,14624203,2026-10-05 14:30,10787809.0,3836394.0,6951415.0,2026-10-05,46220646.0
1791191700,22553.9,22558.1,22533.4,22537.25,20018141,2026-10-05 14:45,3120237.0,16897904.0,-13777667.0,2026-10-05,32442979.0
1791192600,22536.8,22551.9,22514.9,22535.45,33572729,2026-10-05 15:00,18646475.0,14926254.0,3720221.0,2026-10-05,36163200.0
1791193500,22535.45,22555.75,22535.45,22555.75,9329742,2026-10-05 15:15,8863255.0,466487.0,8396768.0,2026-10-05,44559968.0
