Time,Strike,Option_Type,Symbol,LTP,Chg,Chg_Pct,OI,OI_Chg,Volume,Bid,Ask,IV,Delta,Underlying_Spot
00:36:19,21300,PE,NSE:NIFTY26O0621300PE,0.7,-2.3,-76.67,1497925,-1263335,29962400,0.65,0.7,44.01,-0.004,22555.75
00:36:19,21300,CE,NSE:NIFTY26O0621300CE,2880.7,0.0,0.0,0,0,0,1117.0,1412.8,0.0,0.0,22555.75
00:36:19,21350,PE,NSE:NIFTY26O0621350PE,0.65,-2.6,-80.0,688220,-211640,14155700,0.65,0.8,42.14,-0.004,22555.75
00:36:19,21350,CE,NSE:NIFTY26O0621350CE,2831.3,0.0,0.0,0,0,0,1067.9,1392.4,0.0,0.0,22555.75
00:36:19,21400,PE,NSE:NIFTY26O0621400PE,0.8,-2.75,-77.46,2614170,-572330,49591750,0.7,0.8,41.53,-0.005,22555.75
00:36:19,21400,CE,NSE:NIFTY26O0621400CE,1149.55,77.6,7.24,1495,195,650,1149.75,1160.0,0.0,0.0,22555.75
00:36:19,21450,PE,NSE:NIFTY26O0621450PE,0.7,-3.25,-82.28,712985,-80600,18791435,0.7,0.95,39.39,-0.005,22555.75
00:36:19,21450,CE,NSE:NIFTY26O0621450CE,1094.6,211.05,23.89,2145,1755,6695,1056.75,1122.65,0.0,0.0,22555.75
00:36:19,21500,PE,NSE:NIFTY26O0621500PE,0.9,-3.6,-80.0,14735175,5117905,113477520,0.85,0.9,38.93,-0.006,22555.75
00:36:19,21500,CE,NSE:NIFTY26O0621500CE,1052.25,91.85,9.56,17485,-2340,32500,1049.75,1061.0,0.0,0.0,22555.75
00:36:19,21550,PE,NSE:NIFTY26O0621550PE,1.0,-3.85,-79.38,1372085,299585,42075085,0.75,1.0,37.81,-0.007,22555.75
00:36:19,21550,CE,NSE:NIFTY26O0621550CE,1181.35,0.0,0.0,390,0,0,888.45,1022.75,99.2,0.832,22555.75
00:36:19,21600,PE,NSE:NIFTY26O0621600PE,0.9,-4.5,-83.33,4019080,965180,106010775,0.9,0.95,35.76,-0.007,22555.75
00:36:19,21600,CE,NSE:NIFTY26O0621600CE,960.0,111.45,13.13,4745,-130,1560,842.2,958.3,0.0,0.0,22555.75
00:36:19,21650,PE,NSE:NIFTY26O0621650PE,1.15,-4.9,-80.99,1453660,324540,91981695,1.05,1.15,35.2,-0.008,22555.75
00:36:19,21650,CE,NSE:NIFTY26O0621650CE,902.25,80.8,9.84,14300,2795,5525,900.35,907.1,0.0,0.0,22555.75
00:36:19,21700,PE,NSE:NIFTY26O0621700PE,1.2,-5.7,-82.61,5314725,1246565,153150075,1.1,1.2,33.75,-0.009,22555.75
00:36:19,21700,CE,NSE:NIFTY26O0621700CE,856.0,86.05,11.18,13715,-65,8060,849.65,855.55,0.0,0.0,22555.75
00:36:19,21750,PE,NSE:NIFTY26O0621750PE,1.25,-6.7,-84.28,2292680,709480,121188665,1.05,1.25,32.27,-0.01,22555.75
00:36:19,21750,CE,NSE:NIFTY26O0621750CE,805.65,89.35,12.47,8515,1170,10855,800.0,805.6,0.0,0.0,22555.75
00:36:19,21800,PE,NSE:NIFTY26O0621800PE,1.2,-8.0,-86.96,6673095,1155435,172242460,1.2,1.3,30.46,-0.01,22555.75
00:36:19,21800,CE,NSE:NIFTY26O0621800CE,757.15,81.15,12.0,38675,-3055,70720,753.9,757.0,0.0,0.0,22555.75
00:36:19,21850,PE,NSE:NIFTY26O0621850PE,1.35,-9.8,-87.89,3302390,1303250,108570150,1.35,1.5,29.25,-0.011,22555.75
00:36:19,21850,CE,NSE:NIFTY26O0621850CE,706.2,80.15,12.8,24830,910,24765,700.75,706.35,0.0,0.0,22555.75
00:36:19,21900,PE,NSE:NIFTY26O0621900PE,1.45,-12.1,-89.3,7452120,2679760,118251965,1.5,1.75,27.84,-0.013,22555.75
00:36:19,21900,CE,NSE:NIFTY26O0621900CE,656.2,80.45,13.97,34190,-4745,104520,654.2,657.15,0.0,0.0,22555.75
00:36:19,21950,PE,NSE:NIFTY26O0621950PE,2.0,-14.35,-87.77,3301480,1429480,88517130,2.0,2.25,27.35,-0.017,22555.75
00:36:19,21950,CE,NSE:NIFTY26O0621950CE,604.3,72.25,13.58,31785,3575,104000,602.95,609.1,0.0,0.0,22555.75
00:36:19,22000,PE,NSE:NIFTY26O0622000PE,2.5,-17.35,-87.41,13091910,3033410,232774035,2.4,2.65,26.47,-0.021,22555.75
00:36:19,22000,CE,NSE:NIFTY26O0622000CE,555.0,79.6,16.74,408005,-367900,3402230,555.4,558.2,0.0,0.0,22555.75
00:36:19,22050,PE,NSE:NIFTY26O0622050PE,3.2,-21.05,-86.8,3113110,1308060,109964660,3.0,3.2,25.65,-0.027,22555.75
00:36:19,22050,CE,NSE:NIFTY26O0622050CE,505.9,70.85,16.29,52000,1430,241280,505.45,507.75,0.0,0.0,22555.75
00:36:19,22100,PE,NSE:NIFTY26O0622100PE,3.55,-25.95,-87.97,6497400,2761070,192650900,3.55,3.7,24.17,-0.032,22555.75
00:36:19,22100,CE,NSE:NIFTY26O0622100CE,456.65,66.45,17.03,182715,-50180,1298375,456.05,457.9,0.0,0.0,22555.75
00:36:19,22150,PE,NSE:NIFTY26O0622150PE,4.75,-31.45,-86.88,4015960,1379620,152517885,4.5,4.75,23.46,-0.042,22555.75
00:36:19,22150,CE,NSE:NIFTY26O0622150CE,406.55,58.85,16.93,131105,17160,834730,408.1,409.75,0.0,0.0,22555.75
00:36:19,22200,PE,NSE:NIFTY26O0622200PE,6.4,-38.05,-85.6,9137115,2631785,293959510,6.3,6.4,22.76,-0.056,22555.75
00:36:19,22200,CE,NSE:NIFTY26O0622200CE,359.95,54.6,17.88,560300,-280735,7617675,359.65,361.0,0.0,0.0,22555.75
00:36:19,22250,PE,NSE:NIFTY26O0622250PE,8.5,-45.9,-84.38,4803890,2866500,211566160,8.55,9.15,21.97,-0.073,22555.75
00:36:19,22250,CE,NSE:NIFTY26O0622250CE,312.2,46.0,17.28,342550,-124280,5561660,311.85,313.85,0.0,0.0,22555.75
00:36:19,22300,PE,NSE:NIFTY26O0622300PE,12.75,-53.25,-80.68,10305490,2133950,413757305,12.55,12.75,21.86,-0.103,22555.75
00:36:19,22300,CE,NSE:NIFTY26O0622300CE,266.3,38.35,16.82,980655,-2212925,32351410,266.05,268.0,0.0,0.0,22555.75
00:36:19,22350,PE,NSE:NIFTY26O0622350PE,18.0,-63.4,-77.89,5143840,2783880,300722955,18.0,18.15,21.5,-0.138,22555.75
00:36:19,22350,CE,NSE:NIFTY26O0622350CE,221.35,26.65,13.69,593775,-487505,29632655,221.7,223.0,0.0,0.0,22555.75
00:36:19,22400,PE,NSE:NIFTY26O0622400PE,25.85,-73.45,-73.97,11527165,7291505,635255400,25.9,26.2,21.38,-0.186,22555.75
00:36:19,22400,CE,NSE:NIFTY26O0622400CE,179.6,18.1,11.21,2327845,-1235975,153831600,179.65,180.85,0.0,0.0,22555.75
00:36:19,22450,PE,NSE:NIFTY26O0622450PE,37.55,-82.75,-68.79,6061250,3967150,544837215,37.55,38.0,21.6,-0.246,22555.75
00:36:19,22450,CE,NSE:NIFTY26O0622450CE,141.35,8.9,6.72,1791075,-508625,209604915,141.35,142.45,0.0,0.0,22555.75
00:36:19,22500,PE,NSE:NIFTY26O0622500PE,53.65,-90.45,-62.77,12246000,7330240,862510545,53.15,53.7,22.08,-0.316,22555.75
00:36:19,22500,CE,NSE:NIFTY26O0622500CE,107.55,0.65,0.61,7929220,1042800,609486215,106.75,107.55,0.0,0.0,22555.75
00:36:19,22550,PE,NSE:NIFTY26O0622550PE,74.15,-98.2,-56.98,5216510,4178590,477883705,74.4,74.7,22.68,-0.389,22555.75
00:36:19,22550,CE,NSE:NIFTY26O0622550CE,79.5,-5.95,-6.96,6496945,2138765,543882560,78.65,79.35,6.11,0.847,22555.75
00:36:19,22600,PE,NSE:NIFTY26O0622600PE,101.15,-103.4,-50.55,5075395,2562235,413132525,100.3,101.15,23.85,-0.464,22555.75
00:36:19,22600,CE,NSE:NIFTY26O0622600CE,55.65,-11.65,-17.31,10677810,4588410,772215730,55.1,55.65,9.06,0.588,22555.75
00:36:19,22650,PE,NSE:NIFTY26O0622650PE,132.45,-108.35,-45.0,1151605,449540,118351740,131.35,132.4,25.14,-0.533,22555.75
00:36:19,22650,CE,NSE:NIFTY26O0622650CE,36.35,-15.35,-29.69,6547905,154375,408997355,36.25,36.7,10.23,0.415,22555.75
00:36:19,22700,PE,NSE:NIFTY26O0622700PE,169.4,-110.7,-39.52,2219945,-415025,96270200,168.1,169.3,26.97,-0.592,22555.75
00:36:19,22700,CE,NSE:NIFTY26O0622700CE,23.25,-17.5,-42.94,11212045,1543035,481875420,23.3,23.55,11.17,0.283,22555.75
00:36:19,22750,PE,NSE:NIFTY26O0622750PE,211.45,-106.35,-33.46,709930,-62595,22320155,210.0,211.45,29.4,-0.638,22555.75
00:36:19,22750,CE,NSE:NIFTY26O0622750CE,14.45,-17.55,-54.84,6162520,2117440,262445430,14.3,14.7,11.93,0.187,22555.75
00:36:19,22800,CE,NSE:NIFTY26O0622800CE,8.5,-16.25,-65.66,14484990,5541900,347258405,8.5,8.95,12.47,0.118,22555.75
00:36:19,22800,PE,NSE:NIFTY26O0622800PE,254.7,-108.95,-29.96,1304615,-503745,23180170,254.4,255.55,31.71,-0.677,22555.75
00:36:19,22850,PE,NSE:NIFTY26O0622850PE,302.95,-103.7,-25.5,228345,-132730,3558295,301.3,303.25,34.92,-0.704,22555.75
00:36:19,22850,CE,NSE:NIFTY26O0622850CE,5.3,-14.25,-72.89,6270745,2917135,173883320,5.35,5.9,13.22,0.076,22555.75
00:36:19,22900,PE,NSE:NIFTY26O0622900PE,350.15,-100.25,-22.26,505765,-332215,4687670,349.5,351.6,37.69,-0.728,22555.75
00:36:19,22900,CE,NSE:NIFTY26O0622900CE,4.0,-11.25,-73.77,11205610,4143690,192286250,3.9,4.05,14.48,0.055,22555.75
00:36:19,22950,PE,NSE:NIFTY26O0622950PE,399.7,-102.9,-20.47,361920,-88920,907140,397.4,400.3,40.89,-0.745,22555.75
00:36:19,22950,CE,NSE:NIFTY26O0622950CE,2.85,-9.45,-76.83,4714580,1548240,85016750,2.85,3.25,15.47,0.039,22555.75
00:36:19,23000,PE,NSE:NIFTY26O0623000PE,448.55,-100.7,-18.33,1046370,-617430,4398550,447.2,448.9,43.79,-0.761,22555.75
00:36:19,23000,CE,NSE:NIFTY26O0623000CE,2.4,-7.9,-76.7,14848860,1084160,177855080,2.4,2.6,16.85,0.031,22555.75
00:36:19,23050,CE,NSE:NIFTY26O0623050CE,2.05,-6.25,-75.3,4538755,1050915,81236545,1.8,2.0,18.19,0.025,22555.75
00:36:19,23050,PE,NSE:NIFTY26O0623050PE,499.8,-99.6,-16.62,232635,-235625,841035,496.0,499.35,47.26,-0.771,22555.75
00:36:19,23100,PE,NSE:NIFTY26O0623100PE,546.0,-97.4,-15.14,453895,-629265,1186055,546.2,548.6,49.22,-0.787,22555.75
00:36:19,23100,CE,NSE:NIFTY26O0623100CE,1.4,-5.65,-80.14,8450260,2297420,113577035,1.4,1.75,18.83,0.017,22555.75
00:36:19,23150,PE,NSE:NIFTY26O0623150PE,595.5,-90.15,-13.15,87490,-41470,127335,596.3,599.0,52.02,-0.797,22555.75
00:36:19,23150,CE,NSE:NIFTY26O0623150CE,1.25,-4.75,-79.17,2897635,383115,61645870,1.25,1.5,20.16,0.015,22555.75
00:36:19,23200,CE,NSE:NIFTY26O0623200CE,1.15,-3.95,-77.45,8295430,-1180070,103646400,1.15,1.25,21.53,0.013,22555.75
00:36:19,23200,PE,NSE:NIFTY26O0623200PE,650.1,-90.25,-12.19,359970,-103870,312195,645.35,648.6,56.31,-0.799,22555.75
00:36:19,23250,PE,NSE:NIFTY26O0623250PE,697.5,-86.25,-11.0,252135,-18005,75075,694.25,698.15,58.38,-0.81,22555.75
00:36:19,23250,CE,NSE:NIFTY26O0623250CE,1.05,-3.3,-75.86,3334435,1304615,40557270,0.95,1.1,22.84,0.011,22555.75
00:36:19,23300,PE,NSE:NIFTY26O0623300PE,744.35,-87.1,-10.48,815620,-189080,377650,744.35,747.45,60.17,-0.821,22555.75
00:36:19,23300,CE,NSE:NIFTY26O0623300CE,0.8,-3.0,-78.95,6976840,-1160960,79508975,0.8,1.0,23.57,0.009,22555.75
00:36:19,23350,PE,NSE:NIFTY26O0623350PE,794.25,-104.65,-11.64,67600,-9165,65975,795.0,798.7,62.88,-0.827,22555.75
00:36:19,23350,CE,NSE:NIFTY26O0623350CE,0.7,-2.45,-77.78,1922440,108160,32011785,0.7,0.9,24.67,0.007,22555.75
00:36:19,23400,PE,NSE:NIFTY26O0623400PE,844.15,-98.2,-10.42,447720,-103740,192855,843.0,848.0,65.54,-0.833,22555.75
00:36:19,23400,CE,NSE:NIFTY26O0623400CE,0.65,-2.05,-75.93,4058210,-1034470,49476115,0.65,0.85,25.91,0.007,22555.75
00:36:19,23450,PE,NSE:NIFTY26O0623450PE,899.5,-85.0,-8.63,46800,-2275,83785,894.7,900.65,70.02,-0.832,22555.75
00:36:19,23450,CE,NSE:NIFTY26O0623450CE,0.85,-1.6,-65.31,1212315,-78845,20146750,0.7,0.8,28.22,0.008,22555.75
00:36:19,23500,CE,NSE:NIFTY26O0623500CE,0.7,-1.55,-68.89,13427050,930050,91780845,0.7,0.75,29.03,0.006,22555.75
00:36:19,23500,PE,NSE:NIFTY26O0623500PE,946.95,-97.75,-9.36,783315,-207545,712335,942.0,947.55,71.8,-0.839,22555.75
00:36:19,23550,PE,NSE:NIFTY26O0623550PE,1001.25,-75.3,-6.99,47450,-17485,34320,990.1,1000.5,75.9,-0.839,22555.75
00:36:19,23550,CE,NSE:NIFTY26O0623550CE,0.55,-1.45,-72.5,1122550,-505250,14514630,0.55,0.6,29.66,0.005,22555.75
00:36:19,23600,PE,NSE:NIFTY26O0623600PE,1045.0,-88.5,-7.81,110630,-50635,117585,1043.1,1049.5,76.27,-0.85,22555.75
00:36:19,23600,CE,NSE:NIFTY26O0623600CE,0.5,-1.3,-72.22,3258645,-1291675,35857510,0.5,0.55,30.73,0.004,22555.75
00:36:19,23650,PE,NSE:NIFTY26O0623650PE,1095.0,-91.6,-7.72,55770,-7995,15405,1077.65,1121.3,78.81,-0.854,22555.75
00:36:19,23650,CE,NSE:NIFTY26O0623650CE,0.45,-1.2,-72.73,869245,23075,8894535,0.45,0.5,31.75,0.004,22555.75
00:36:19,23700,PE,NSE:NIFTY26O0623700PE,1145.4,-92.3,-7.46,57200,-28795,58760,1141.4,1147.85,81.47,-0.857,22555.75
00:36:19,23700,CE,NSE:NIFTY26O0623700CE,0.45,-1.1,-70.97,2565030,-1329900,19349200,0.4,0.45,33.1,0.004,22555.75
00:36:19,23750,CE,NSE:NIFTY26O0623750CE,0.4,-1.05,-72.41,698880,-383240,5014750,0.4,0.5,34.03,0.003,22555.75
00:36:19,23750,PE,NSE:NIFTY26O0623750PE,1210.9,-67.0,-5.24,4030,-455,975,1159.1,1237.05,89.63,-0.844,22555.75
00:36:19,23800,CE,NSE:NIFTY26O0623800CE,0.35,-1.0,-74.07,2661490,-1513650,23994035,0.35,0.4,34.89,0.003,22555.75
00:36:19,23800,PE,NSE:NIFTY26O0623800PE,1247.0,-82.15,-6.18,76115,-27755,73255,1241.15,1249.75,87.02,-0.862,22555.75
00:37:03,21300,PE,NSE:NIFTY26O0621300PE,0.7,-2.3,-76.67,1497925,-1263335,29962400,0.65,0.7,44.01,-0.004,22555.75
00:37:03,21300,CE,NSE:NIFTY26O0621300CE,2880.7,0.0,0.0,0,0,0,1117.0,1412.8,0.0,0.0,22555.75
00:37:03,21350,PE,NSE:NIFTY26O0621350PE,0.65,-2.6,-80.0,688220,-211640,14155700,0.65,0.8,42.14,-0.004,22555.75
00:37:03,21350,CE,NSE:NIFTY26O0621350CE,2831.3,0.0,0.0,0,0,0,1067.9,1392.4,0.0,0.0,22555.75
00:37:03,21400,PE,NSE:NIFTY26O0621400PE,0.8,-2.75,-77.46,2614170,-572330,49591750,0.7,0.8,41.53,-0.005,22555.75
00:37:03,21400,CE,NSE:NIFTY26O0621400CE,1149.55,77.6,7.24,1495,195,650,1149.75,1160.0,0.0,0.0,22555.75
00:37:03,21450,PE,NSE:NIFTY26O0621450PE,0.7,-3.25,-82.28,712985,-80600,18791435,0.7,0.95,39.39,-0.005,22555.75
00:37:03,21450,CE,NSE:NIFTY26O0621450CE,1094.6,211.05,23.89,2145,1755,6695,1056.75,1122.65,0.0,0.0,22555.75
00:37:03,21500,PE,NSE:NIFTY26O0621500PE,0.9,-3.6,-80.0,14735175,5117905,113477520,0.85,0.9,38.93,-0.006,22555.75
00:37:03,21500,CE,NSE:NIFTY26O0621500CE,1052.25,91.85,9.56,17485,-2340,32500,1049.75,1061.0,0.0,0.0,22555.75
00:37:03,21550,PE,NSE:NIFTY26O0621550PE,1.0,-3.85,-79.38,1372085,299585,42075085,0.75,1.0,37.81,-0.007,22555.75
00:37:03,21550,CE,NSE:NIFTY26O0621550CE,1181.35,0.0,0.0,390,0,0,888.45,1022.75,99.2,0.832,22555.75
00:37:03,21600,PE,NSE:NIFTY26O0621600PE,0.9,-4.5,-83.33,4019080,965180,106010775,0.9,0.95,35.76,-0.007,22555.75
00:37:03,21600,CE,NSE:NIFTY26O0621600CE,960.0,111.45,13.13,4745,-130,1560,842.2,958.3,0.0,0.0,22555.75
00:37:03,21650,PE,NSE:NIFTY26O0621650PE,1.15,-4.9,-80.99,1453660,324540,91981695,1.05,1.15,35.2,-0.008,22555.75
00:37:03,21650,CE,NSE:NIFTY26O0621650CE,902.25,80.8,9.84,14300,2795,5525,900.35,907.1,0.0,0.0,22555.75
00:37:03,21700,PE,NSE:NIFTY26O0621700PE,1.2,-5.7,-82.61,5314725,1246565,153150075,1.1,1.2,33.75,-0.009,22555.75
00:37:03,21700,CE,NSE:NIFTY26O0621700CE,856.0,86.05,11.18,13715,-65,8060,849.65,855.55,0.0,0.0,22555.75
00:37:03,21750,PE,NSE:NIFTY26O0621750PE,1.25,-6.7,-84.28,2292680,709480,121188665,1.05,1.25,32.27,-0.01,22555.75
00:37:03,21750,CE,NSE:NIFTY26O0621750CE,805.65,89.35,12.47,8515,1170,10855,800.0,805.6,0.0,0.0,22555.75
00:37:03,21800,PE,NSE:NIFTY26O0621800PE,1.2,-8.0,-86.96,6673095,1155435,172242460,1.2,1.3,30.46,-0.01,22555.75
00:37:03,21800,CE,NSE:NIFTY26O0621800CE,757.15,81.15,12.0,38675,-3055,70720,753.9,757.0,0.0,0.0,22555.75
00:37:03,21850,PE,NSE:NIFTY26O0621850PE,1.35,-9.8,-87.89,3302390,1303250,108570150,1.35,1.5,29.25,-0.011,22555.75
00:37:03,21850,CE,NSE:NIFTY26O0621850CE,706.2,80.15,12.8,24830,910,24765,700.75,706.35,0.0,0.0,22555.75
00:37:03,21900,PE,NSE:NIFTY26O0621900PE,1.45,-12.1,-89.3,7452120,2679760,118251965,1.5,1.75,27.84,-0.013,22555.75
00:37:03,21900,CE,NSE:NIFTY26O0621900CE,656.2,80.45,13.97,34190,-4745,104520,654.2,657.15,0.0,0.0,22555.75
00:37:03,21950,PE,NSE:NIFTY26O0621950PE,2.0,-14.35,-87.77,3301480,1429480,88517130,2.0,2.25,27.35,-0.017,22555.75
00:37:03,21950,CE,NSE:NIFTY26O0621950CE,604.3,72.25,13.58,31785,3575,104000,602.95,609.1,0.0,0.0,22555.75
00:37:03,22000,PE,NSE:NIFTY26O0622000PE,2.5,-17.35,-87.41,13091910,3033410,232774035,2.4,2.65,26.47,-0.021,22555.75
00:37:03,22000,CE,NSE:NIFTY26O0622000CE,555.0,79.6,16.74,408005,-367900,3402230,555.4,558.2,0.0,0.0,22555.75
00:37:03,22050,PE,NSE:NIFTY26O0622050PE,3.2,-21.05,-86.8,3113110,1308060,109964660,3.0,3.2,25.65,-0.027,22555.75
00:37:03,22050,CE,NSE:NIFTY26O0622050CE,505.9,70.85,16.29,52000,1430,241280,505.45,507.75,0.0,0.0,22555.75
00:37:03,22100,PE,NSE:NIFTY26O0622100PE,3.55,-25.95,-87.97,6497400,2761070,192650900,3.55,3.7,24.17,-0.032,22555.75
00:37:03,22100,CE,NSE:NIFTY26O0622100CE,456.65,66.45,17.03,182715,-50180,1298375,456.05,457.9,0.0,0.0,22555.75
00:37:03,22150,PE,NSE:NIFTY26O0622150PE,4.75,-31.45,-86.88,4015960,1379620,152517885,4.5,4.75,23.46,-0.042,22555.75
00:37:03,22150,CE,NSE:NIFTY26O0622150CE,406.55,58.85,16.93,131105,17160,834730,408.1,409.75,0.0,0.0,22555.75
00:37:03,22200,PE,NSE:NIFTY26O0622200PE,6.4,-38.05,-85.6,9137115,2631785,293959510,6.3,6.4,22.76,-0.056,22555.75
00:37:03,22200,CE,NSE:NIFTY26O0622200CE,359.95,54.6,17.88,560300,-280735,7617675,359.65,361.0,0.0,0.0,22555.75
00:37:03,22250,PE,NSE:NIFTY26O0622250PE,8.5,-45.9,-84.38,4803890,2866500,211566160,8.55,9.15,21.97,-0.073,22555.75
00:37:03,22250,CE,NSE:NIFTY26O0622250CE,312.2,46.0,17.28,342550,-124280,5561660,311.85,313.85,0.0,0.0,22555.75
00:37:03,22300,PE,NSE:NIFTY26O0622300PE,12.75,-53.25,-80.68,10305490,2133950,413757305,12.55,12.75,21.86,-0.103,22555.75
00:37:03,22300,CE,NSE:NIFTY26O0622300CE,266.3,38.35,16.82,980655,-2212925,32351410,266.05,268.0,0.0,0.0,22555.75
00:37:03,22350,PE,NSE:NIFTY26O0622350PE,18.0,-63.4,-77.89,5143840,2783880,300722955,18.0,18.15,21.5,-0.138,22555.75
00:37:03,22350,CE,NSE:NIFTY26O0622350CE,221.35,26.65,13.69,593775,-487505,29632655,221.7,223.0,0.0,0.0,22555.75
00:37:03,22400,PE,NSE:NIFTY26O0622400PE,25.85,-73.45,-73.97,11527165,7291505,635255400,25.9,26.2,21.38,-0.186,22555.75
00:37:03,22400,CE,NSE:NIFTY26O0622400CE,179.6,18.1,11.21,2327845,-1235975,153831600,179.65,180.85,0.0,0.0,22555.75
00:37:03,22450,PE,NSE:NIFTY26O0622450PE,37.55,-82.75,-68.79,6061250,3967150,544837215,37.55,38.0,21.6,-0.246,22555.75
00:37:03,22450,CE,NSE:NIFTY26O0622450CE,141.35,8.9,6.72,1791075,-508625,209604915,141.35,142.45,0.0,0.0,22555.75
00:37:03,22500,PE,NSE:NIFTY26O0622500PE,53.65,-90.45,-62.77,12246000,7330240,862510545,53.15,53.7,22.08,-0.316,22555.75
00:37:03,22500,CE,NSE:NIFTY26O0622500CE,107.55,0.65,0.61,7929220,1042800,609486215,106.75,107.55,0.0,0.0,22555.75
00:37:03,22550,PE,NSE:NIFTY26O0622550PE,74.15,-98.2,-56.98,5216510,4178590,477883705,74.4,74.7,22.68,-0.389,22555.75
00:37:03,22550,CE,NSE:NIFTY26O0622550CE,79.5,-5.95,-6.96,6496945,2138765,543882560,78.65,79.35,6.11,0.847,22555.75
00:37:03,22600,PE,NSE:NIFTY26O0622600PE,101.15,-103.4,-50.55,5075395,2562235,413132525,100.3,101.15,23.85,-0.464,22555.75
00:37:03,22600,CE,NSE:NIFTY26O0622600CE,55.65,-11.65,-17.31,10677810,4588410,772215730,55.1,55.65,9.06,0.588,22555.75
00:37:03,22650,PE,NSE:NIFTY26O0622650PE,132.45,-108.35,-45.0,1151605,449540,118351740,131.35,132.4,25.14,-0.533,22555.75
00:37:03,22650,CE,NSE:NIFTY26O0622650CE,36.35,-15.35,-29.69,6547905,154375,408997355,36.25,36.7,10.23,0.415,22555.75
00:37:03,22700,PE,NSE:NIFTY26O0622700PE,169.4,-110.7,-39.52,2219945,-415025,96270200,168.1,169.3,26.97,-0.592,22555.75
00:37:03,22700,CE,NSE:NIFTY26O0622700CE,23.25,-17.5,-42.94,11212045,1543035,481875420,23.3,23.55,11.17,0.283,22555.75
00:37:03,22750,PE,NSE:NIFTY26O0622750PE,211.45,-106.35,-33.46,709930,-62595,22320155,210.0,211.45,29.4,-0.638,22555.75
00:37:03,22750,CE,NSE:NIFTY26O0622750CE,14.45,-17.55,-54.84,6162520,2117440,262445430,14.3,14.7,11.93,0.187,22555.75
00:37:03,22800,CE,NSE:NIFTY26O0622800CE,8.5,-16.25,-65.66,14484990,5541900,347258405,8.5,8.95,12.47,0.118,22555.75
00:37:03,22800,PE,NSE:NIFTY26O0622800PE,254.7,-108.95,-29.96,1304615,-503745,23180170,254.4,255.55,31.71,-0.677,22555.75
00:37:03,22850,PE,NSE:NIFTY26O0622850PE,302.95,-103.7,-25.5,228345,-132730,3558295,301.3,303.25,34.92,-0.704,22555.75
00:37:03,22850,CE,NSE:NIFTY26O0622850CE,5.3,-14.25,-72.89,6270745,2917135,173883320,5.35,5.9,13.22,0.076,22555.75
00:37:03,22900,PE,NSE:NIFTY26O0622900PE,350.15,-100.25,-22.26,505765,-332215,4687670,349.5,351.6,37.69,-0.728,22555.75
00:37:03,22900,CE,NSE:NIFTY26O0622900CE,4.0,-11.25,-73.77,11205610,4143690,192286250,3.9,4.05,14.48,0.055,22555.75
00:37:03,22950,PE,NSE:NIFTY26O0622950PE,399.7,-102.9,-20.47,361920,-88920,907140,397.4,400.3,40.89,-0.745,22555.75
00:37:03,22950,CE,NSE:NIFTY26O0622950CE,2.85,-9.45,-76.83,4714580,1548240,85016750,2.85,3.25,15.47,0.039,22555.75
00:37:03,23000,PE,NSE:NIFTY26O0623000PE,448.55,-100.7,-18.33,1046370,-617430,4398550,447.2,448.9,43.79,-0.761,22555.75
00:37:03,23000,CE,NSE:NIFTY26O0623000CE,2.4,-7.9,-76.7,14848860,1084160,177855080,2.4,2.6,16.85,0.031,22555.75
00:37:03,23050,CE,NSE:NIFTY26O0623050CE,2.05,-6.25,-75.3,4538755,1050915,81236545,1.8,2.0,18.19,0.025,22555.75
00:37:03,23050,PE,NSE:NIFTY26O0623050PE,499.8,-99.6,-16.62,232635,-235625,841035,496.0,499.35,47.26,-0.771,22555.75
00:37:03,23100,PE,NSE:NIFTY26O0623100PE,546.0,-97.4,-15.14,453895,-629265,1186055,546.2,548.6,49.22,-0.787,22555.75
00:37:03,23100,CE,NSE:NIFTY26O0623100CE,1.4,-5.65,-80.14,8450260,2297420,113577035,1.4,1.75,18.83,0.017,22555.75
00:37:03,23150,PE,NSE:NIFTY26O0623150PE,595.5,-90.15,-13.15,87490,-41470,127335,596.3,599.0,52.02,-0.797,22555.75
00:37:03,23150,CE,NSE:NIFTY26O0623150CE,1.25,-4.75,-79.17,2897635,383115,61645870,1.25,1.5,20.16,0.015,22555.75
00:37:03,23200,CE,NSE:NIFTY26O0623200CE,1.15,-3.95,-77.45,8295430,-1180070,103646400,1.15,1.25,21.53,0.013,22555.75
00:37:03,23200,PE,NSE:NIFTY26O0623200PE,650.1,-90.25,-12.19,359970,-103870,312195,645.35,648.6,56.31,-0.799,22555.75
00:37:03,23250,PE,NSE:NIFTY26O0623250PE,697.5,-86.25,-11.0,252135,-18005,75075,694.25,698.15,58.38,-0.81,22555.75
00:37:03,23250,CE,NSE:NIFTY26O0623250CE,1.05,-3.3,-75.86,3334435,1304615,40557270,0.95,1.1,22.84,0.011,22555.75
00:37:03,23300,PE,NSE:NIFTY26O0623300PE,744.35,-87.1,-10.48,815620,-189080,377650,744.35,747.45,60.17,-0.821,22555.75
00:37:03,23300,CE,NSE:NIFTY26O0623300CE,0.8,-3.0,-78.95,6976840,-1160960,79508975,0.8,1.0,23.57,0.009,22555.75
00:37:03,23350,PE,NSE:NIFTY26O0623350PE,794.25,-104.65,-11.64,67600,-9165,65975,795.0,798.7,62.88,-0.827,22555.75
00:37:03,23350,CE,NSE:NIFTY26O0623350CE,0.7,-2.45,-77.78,1922440,108160,32011785,0.7,0.9,24.67,0.007,22555.75
00:37:03,23400,PE,NSE:NIFTY26O0623400PE,844.15,-98.2,-10.42,447720,-103740,192855,843.0,848.0,65.54,-0.833,22555.75
00:37:03,23400,CE,NSE:NIFTY26O0623400CE,0.65,-2.05,-75.93,4058210,-1034470,49476115,0.65,0.85,25.91,0.007,22555.75
00:37:03,23450,PE,NSE:NIFTY26O0623450PE,899.5,-85.0,-8.63,46800,-2275,83785,894.7,900.65,70.02,-0.832,22555.75
00:37:03,23450,CE,NSE:NIFTY26O0623450CE,0.85,-1.6,-65.31,1212315,-78845,20146750,0.7,0.8,28.22,0.008,22555.75
00:37:03,23500,CE,NSE:NIFTY26O0623500CE,0.7,-1.55,-68.89,13427050,930050,91780845,0.7,0.75,29.03,0.006,22555.75
00:37:03,23500,PE,NSE:NIFTY26O0623500PE,946.95,-97.75,-9.36,783315,-207545,712335,942.0,947.55,71.8,-0.839,22555.75
00:37:03,23550,PE,NSE:NIFTY26O0623550PE,1001.25,-75.3,-6.99,47450,-17485,34320,990.1,1000.5,75.9,-0.839,22555.75
00:37:03,23550,CE,NSE:NIFTY26O0623550CE,0.55,-1.45,-72.5,1122550,-505250,14514630,0.55,0.6,29.66,0.005,22555.75
00:37:03,23600,PE,NSE:NIFTY26O0623600PE,1045.0,-88.5,-7.81,110630,-50635,117585,1043.1,1049.5,76.27,-0.85,22555.75
00:37:03,23600,CE,NSE:NIFTY26O0623600CE,0.5,-1.3,-72.22,3258645,-1291675,35857510,0.5,0.55,30.73,0.004,22555.75
00:37:03,23650,PE,NSE:NIFTY26O0623650PE,1095.0,-91.6,-7.72,55770,-7995,15405,1077.65,1121.3,78.81,-0.854,22555.75
00:37:03,23650,CE,NSE:NIFTY26O0623650CE,0.45,-1.2,-72.73,869245,23075,8894535,0.45,0.5,31.75,0.004,22555.75
00:37:03,23700,PE,NSE:NIFTY26O0623700PE,1145.4,-92.3,-7.46,57200,-28795,58760,1141.4,1147.85,81.47,-0.857,22555.75
00:37:03,23700,CE,NSE:NIFTY26O0623700CE,0.45,-1.1,-70.97,2565030,-1329900,19349200,0.4,0.45,33.1,0.004,22555.75
00:37:03,23750,CE,NSE:NIFTY26O0623750CE,0.4,-1.05,-72.41,698880,-383240,5014750,0.4,0.5,34.03,0.003,22555.75
00:37:03,23750,PE,NSE:NIFTY26O0623750PE,1210.9,-67.0,-5.24,4030,-455,975,1159.1,1237.05,89.63,-0.844,22555.75
00:37:03,23800,CE,NSE:NIFTY26O0623800CE,0.35,-1.0,-74.07,2661490,-1513650,23994035,0.35,0.4,34.89,0.003,22555.75
00:37:03,23800,PE,NSE:NIFTY26O0623800PE,1247.0,-82.15,-6.18,76115,-27755,73255,1241.15,1249.75,87.02,-0.862,22555.75
00:38:04,21300,PE,NSE:NIFTY26O0621300PE,0.7,-2.3,-76.67,1497925,-1263335,29962400,0.65,0.7,44.01,-0.004,22555.75
00:38:04,21300,CE,NSE:NIFTY26O0621300CE,2880.7,0.0,0.0,0,0,0,1117.0,1412.8,0.0,0.0,22555.75
00:38:04,21350,PE,NSE:NIFTY26O0621350PE,0.65,-2.6,-80.0,688220,-211640,14155700,0.65,0.8,42.14,-0.004,22555.75
00:38:04,21350,CE,NSE:NIFTY26O0621350CE,2831.3,0.0,0.0,0,0,0,1067.9,1392.4,0.0,0.0,22555.75
00:38:04,21400,PE,NSE:NIFTY26O0621400PE,0.8,-2.75,-77.46,2614170,-572330,49591750,0.7,0.8,41.53,-0.005,22555.75
00:38:04,21400,CE,NSE:NIFTY26O0621400CE,1149.55,77.6,7.24,1495,195,650,1149.75,1160.0,0.0,0.0,22555.75
00:38:04,21450,PE,NSE:NIFTY26O0621450PE,0.7,-3.25,-82.28,712985,-80600,18791435,0.7,0.95,39.39,-0.005,22555.75
00:38:04,21450,CE,NSE:NIFTY26O0621450CE,1094.6,211.05,23.89,2145,1755,6695,1056.75,1122.65,0.0,0.0,22555.75
00:38:04,21500,PE,NSE:NIFTY26O0621500PE,0.9,-3.6,-80.0,14735175,5117905,113477520,0.85,0.9,38.93,-0.006,22555.75
00:38:04,21500,CE,NSE:NIFTY26O0621500CE,1052.25,91.85,9.56,17485,-2340,32500,1049.75,1061.0,0.0,0.0,22555.75
00:38:04,21550,PE,NSE:NIFTY26O0621550PE,1.0,-3.85,-79.38,1372085,299585,42075085,0.75,1.0,37.81,-0.007,22555.75
00:38:04,21550,CE,NSE:NIFTY26O0621550CE,1181.35,0.0,0.0,390,0,0,888.45,1022.75,99.2,0.832,22555.75
00:38:04,21600,PE,NSE:NIFTY26O0621600PE,0.9,-4.5,-83.33,4019080,965180,106010775,0.9,0.95,35.76,-0.007,22555.75
00:38:04,21600,CE,NSE:NIFTY26O0621600CE,960.0,111.45,13.13,4745,-130,1560,842.2,958.3,0.0,0.0,22555.75
00:38:04,21650,PE,NSE:NIFTY26O0621650PE,1.15,-4.9,-80.99,1453660,324540,91981695,1.05,1.15,35.2,-0.008,22555.75
00:38:04,21650,CE,NSE:NIFTY26O0621650CE,902.25,80.8,9.84,14300,2795,5525,900.35,907.1,0.0,0.0,22555.75
00:38:04,21700,PE,NSE:NIFTY26O0621700PE,1.2,-5.7,-82.61,5314725,1246565,153150075,1.1,1.2,33.75,-0.009,22555.75
00:38:04,21700,CE,NSE:NIFTY26O0621700CE,856.0,86.05,11.18,13715,-65,8060,849.65,855.55,0.0,0.0,22555.75
00:38:04,21750,PE,NSE:NIFTY26O0621750PE,1.25,-6.7,-84.28,2292680,709480,121188665,1.05,1.25,32.27,-0.01,22555.75
00:38:04,21750,CE,NSE:NIFTY26O0621750CE,805.65,89.35,12.47,8515,1170,10855,800.0,805.6,0.0,0.0,22555.75
00:38:04,21800,PE,NSE:NIFTY26O0621800PE,1.2,-8.0,-86.96,6673095,1155435,172242460,1.2,1.3,30.46,-0.01,22555.75
00:38:04,21800,CE,NSE:NIFTY26O0621800CE,757.15,81.15,12.0,38675,-3055,70720,753.9,757.0,0.0,0.0,22555.75
00:38:04,21850,PE,NSE:NIFTY26O0621850PE,1.35,-9.8,-87.89,3302390,1303250,108570150,1.35,1.5,29.25,-0.011,22555.75
00:38:04,21850,CE,NSE:NIFTY26O0621850CE,706.2,80.15,12.8,24830,910,24765,700.75,706.35,0.0,0.0,22555.75
00:38:04,21900,PE,NSE:NIFTY26O0621900PE,1.45,-12.1,-89.3,7452120,2679760,118251965,1.5,1.75,27.84,-0.013,22555.75
00:38:04,21900,CE,NSE:NIFTY26O0621900CE,656.2,80.45,13.97,34190,-4745,104520,654.2,657.15,0.0,0.0,22555.75
00:38:04,21950,PE,NSE:NIFTY26O0621950PE,2.0,-14.35,-87.77,3301480,1429480,88517130,2.0,2.25,27.35,-0.017,22555.75
00:38:04,21950,CE,NSE:NIFTY26O0621950CE,604.3,72.25,13.58,31785,3575,104000,602.95,609.1,0.0,0.0,22555.75
00:38:04,22000,PE,NSE:NIFTY26O0622000PE,2.5,-17.35,-87.41,13091910,3033410,232774035,2.4,2.65,26.47,-0.021,22555.75
00:38:04,22000,CE,NSE:NIFTY26O0622000CE,555.0,79.6,16.74,408005,-367900,3402230,555.4,558.2,0.0,0.0,22555.75
00:38:04,22050,PE,NSE:NIFTY26O0622050PE,3.2,-21.05,-86.8,3113110,1308060,109964660,3.0,3.2,25.65,-0.027,22555.75
00:38:04,22050,CE,NSE:NIFTY26O0622050CE,505.9,70.85,16.29,52000,1430,241280,505.45,507.75,0.0,0.0,22555.75
00:38:04,22100,PE,NSE:NIFTY26O0622100PE,3.55,-25.95,-87.97,6497400,2761070,192650900,3.55,3.7,24.17,-0.032,22555.75
00:38:04,22100,CE,NSE:NIFTY26O0622100CE,456.65,66.45,17.03,182715,-50180,1298375,456.05,457.9,0.0,0.0,22555.75
00:38:04,22150,PE,NSE:NIFTY26O0622150PE,4.75,-31.45,-86.88,4015960,1379620,152517885,4.5,4.75,23.46,-0.042,22555.75
00:38:04,22150,CE,NSE:NIFTY26O0622150CE,406.55,58.85,16.93,131105,17160,834730,408.1,409.75,0.0,0.0,22555.75
00:38:04,22200,PE,NSE:NIFTY26O0622200PE,6.4,-38.05,-85.6,9137115,2631785,293959510,6.3,6.4,22.76,-0.056,22555.75
00:38:04,22200,CE,NSE:NIFTY26O0622200CE,359.95,54.6,17.88,560300,-280735,7617675,359.65,361.0,0.0,0.0,22555.75
00:38:04,22250,PE,NSE:NIFTY26O0622250PE,8.5,-45.9,-84.38,4803890,2866500,211566160,8.55,9.15,21.97,-0.073,22555.75
00:38:04,22250,CE,NSE:NIFTY26O0622250CE,312.2,46.0,17.28,342550,-124280,5561660,311.85,313.85,0.0,0.0,22555.75
00:38:04,22300,PE,NSE:NIFTY26O0622300PE,12.75,-53.25,-80.68,10305490,2133950,413757305,12.55,12.75,21.86,-0.103,22555.75
00:38:04,22300,CE,NSE:NIFTY26O0622300CE,266.3,38.35,16.82,980655,-2212925,32351410,266.05,268.0,0.0,0.0,22555.75
00:38:04,22350,PE,NSE:NIFTY26O0622350PE,18.0,-63.4,-77.89,5143840,2783880,300722955,18.0,18.15,21.5,-0.138,22555.75
00:38:04,22350,CE,NSE:NIFTY26O0622350CE,221.35,26.65,13.69,593775,-487505,29632655,221.7,223.0,0.0,0.0,22555.75
00:38:04,22400,PE,NSE:NIFTY26O0622400PE,25.85,-73.45,-73.97,11527165,7291505,635255400,25.9,26.2,21.38,-0.186,22555.75
00:38:04,22400,CE,NSE:NIFTY26O0622400CE,179.6,18.1,11.21,2327845,-1235975,153831600,179.65,180.85,0.0,0.0,22555.75
00:38:04,22450,PE,NSE:NIFTY26O0622450PE,37.55,-82.75,-68.79,6061250,3967150,544837215,37.55,38.0,21.6,-0.246,22555.75
00:38:04,22450,CE,NSE:NIFTY26O0622450CE,141.35,8.9,6.72,1791075,-508625,209604915,141.35,142.45,0.0,0.0,22555.75
00:38:04,22500,PE,NSE:NIFTY26O0622500PE,53.65,-90.45,-62.77,12246000,7330240,862510545,53.15,53.7,22.08,-0.316,22555.75
00:38:04,22500,CE,NSE:NIFTY26O0622500CE,107.55,0.65,0.61,7929220,1042800,609486215,106.75,107.55,0.0,0.0,22555.75
00:38:04,22550,PE,NSE:NIFTY26O0622550PE,74.15,-98.2,-56.98,5216510,4178590,477883705,74.4,74.7,22.68,-0.389,22555.75
00:38:04,22550,CE,NSE:NIFTY26O0622550CE,79.5,-5.95,-6.96,6496945,2138765,543882560,78.65,79.35,6.11,0.847,22555.75
00:38:04,22600,PE,NSE:NIFTY26O0622600PE,101.15,-103.4,-50.55,5075395,2562235,413132525,100.3,101.15,23.85,-0.464,22555.75
00:38:04,22600,CE,NSE:NIFTY26O0622600CE,55.65,-11.65,-17.31,10677810,4588410,772215730,55.1,55.65,9.06,0.588,22555.75
00:38:04,22650,PE,NSE:NIFTY26O0622650PE,132.45,-108.35,-45.0,1151605,449540,118351740,131.35,132.4,25.14,-0.533,22555.75
00:38:04,22650,CE,NSE:NIFTY26O0622650CE,36.35,-15.35,-29.69,6547905,154375,408997355,36.25,36.7,10.23,0.415,22555.75
00:38:04,22700,PE,NSE:NIFTY26O0622700PE,169.4,-110.7,-39.52,2219945,-415025,96270200,168.1,169.3,26.97,-0.592,22555.75
00:38:04,22700,CE,NSE:NIFTY26O0622700CE,23.25,-17.5,-42.94,11212045,1543035,481875420,23.3,23.55,11.17,0.283,22555.75
00:38:04,22750,PE,NSE:NIFTY26O0622750PE,211.45,-106.35,-33.46,709930,-62595,22320155,210.0,211.45,29.4,-0.638,22555.75
00:38:04,22750,CE,NSE:NIFTY26O0622750CE,14.45,-17.55,-54.84,6162520,2117440,262445430,14.3,14.7,11.93,0.187,22555.75
00:38:04,22800,CE,NSE:NIFTY26O0622800CE,8.5,-16.25,-65.66,14484990,5541900,347258405,8.5,8.95,12.47,0.118,22555.75
00:38:04,22800,PE,NSE:NIFTY26O0622800PE,254.7,-108.95,-29.96,1304615,-503745,23180170,254.4,255.55,31.71,-0.677,22555.75
00:38:04,22850,PE,NSE:NIFTY26O0622850PE,302.95,-103.7,-25.5,228345,-132730,3558295,301.3,303.25,34.92,-0.704,22555.75
00:38:04,22850,CE,NSE:NIFTY26O0622850CE,5.3,-14.25,-72.89,6270745,2917135,173883320,5.35,5.9,13.22,0.076,22555.75
00:38:04,22900,PE,NSE:NIFTY26O0622900PE,350.15,-100.25,-22.26,505765,-332215,4687670,349.5,351.6,37.69,-0.728,22555.75
00:38:04,22900,CE,NSE:NIFTY26O0622900CE,4.0,-11.25,-73.77,11205610,4143690,192286250,3.9,4.05,14.48,0.055,22555.75
00:38:04,22950,PE,NSE:NIFTY26O0622950PE,399.7,-102.9,-20.47,361920,-88920,907140,397.4,400.3,40.89,-0.745,22555.75
00:38:04,22950,CE,NSE:NIFTY26O0622950CE,2.85,-9.45,-76.83,4714580,1548240,85016750,2.85,3.25,15.47,0.039,22555.75
00:38:04,23000,PE,NSE:NIFTY26O0623000PE,448.55,-100.7,-18.33,1046370,-617430,4398550,447.2,448.9,43.79,-0.761,22555.75
00:38:04,23000,CE,NSE:NIFTY26O0623000CE,2.4,-7.9,-76.7,14848860,1084160,177855080,2.4,2.6,16.85,0.031,22555.75
00:38:04,23050,CE,NSE:NIFTY26O0623050CE,2.05,-6.25,-75.3,4538755,1050915,81236545,1.8,2.0,18.19,0.025,22555.75
00:38:04,23050,PE,NSE:NIFTY26O0623050PE,499.8,-99.6,-16.62,232635,-235625,841035,496.0,499.35,47.26,-0.771,22555.75
00:38:04,23100,PE,NSE:NIFTY26O0623100PE,546.0,-97.4,-15.14,453895,-629265,1186055,546.2,548.6,49.22,-0.787,22555.75
00:38:04,23100,CE,NSE:NIFTY26O0623100CE,1.4,-5.65,-80.14,8450260,2297420,113577035,1.4,1.75,18.83,0.017,22555.75
00:38:04,23150,PE,NSE:NIFTY26O0623150PE,595.5,-90.15,-13.15,87490,-41470,127335,596.3,599.0,52.02,-0.797,22555.75
00:38:04,23150,CE,NSE:NIFTY26O0623150CE,1.25,-4.75,-79.17,2897635,383115,61645870,1.25,1.5,20.16,0.015,22555.75
00:38:04,23200,CE,NSE:NIFTY26O0623200CE,1.15,-3.95,-77.45,8295430,-1180070,103646400,1.15,1.25,21.53,0.013,22555.75
00:38:04,23200,PE,NSE:NIFTY26O0623200PE,650.1,-90.25,-12.19,359970,-103870,312195,645.35,648.6,56.31,-0.799,22555.75
00:38:04,23250,PE,NSE:NIFTY26O0623250PE,697.5,-86.25,-11.0,252135,-18005,75075,694.25,698.15,58.38,-0.81,22555.75
00:38:04,23250,CE,NSE:NIFTY26O0623250CE,1.05,-3.3,-75.86,3334435,1304615,40557270,0.95,1.1,22.84,0.011,22555.75
00:38:04,23300,PE,NSE:NIFTY26O0623300PE,744.35,-87.1,-10.48,815620,-189080,377650,744.35,747.45,60.17,-0.821,22555.75
00:38:04,23300,CE,NSE:NIFTY26O0623300CE,0.8,-3.0,-78.95,6976840,-1160960,79508975,0.8,1.0,23.57,0.009,22555.75
00:38:04,23350,PE,NSE:NIFTY26O0623350PE,794.25,-104.65,-11.64,67600,-9165,65975,795.0,798.7,62.88,-0.827,22555.75
00:38:04,23350,CE,NSE:NIFTY26O0623350CE,0.7,-2.45,-77.78,1922440,108160,32011785,0.7,0.9,24.67,0.007,22555.75
00:38:04,23400,PE,NSE:NIFTY26O0623400PE,844.15,-98.2,-10.42,447720,-103740,192855,843.0,848.0,65.54,-0.833,22555.75
00:38:04,23400,CE,NSE:NIFTY26O0623400CE,0.65,-2.05,-75.93,4058210,-1034470,49476115,0.65,0.85,25.91,0.007,22555.75
00:38:04,23450,PE,NSE:NIFTY26O0623450PE,899.5,-85.0,-8.63,46800,-2275,83785,894.7,900.65,70.02,-0.832,22555.75
00:38:04,23450,CE,NSE:NIFTY26O0623450CE,0.85,-1.6,-65.31,1212315,-78845,20146750,0.7,0.8,28.22,0.008,22555.75
00:38:04,23500,CE,NSE:NIFTY26O0623500CE,0.7,-1.55,-68.89,13427050,930050,91780845,0.7,0.75,29.03,0.006,22555.75
00:38:04,23500,PE,NSE:NIFTY26O0623500PE,946.95,-97.75,-9.36,783315,-207545,712335,942.0,947.55,71.8,-0.839,22555.75
00:38:04,23550,PE,NSE:NIFTY26O0623550PE,1001.25,-75.3,-6.99,47450,-17485,34320,990.1,1000.5,75.9,-0.839,22555.75
00:38:04,23550,CE,NSE:NIFTY26O0623550CE,0.55,-1.45,-72.5,1122550,-505250,14514630,0.55,0.6,29.66,0.005,22555.75
00:38:04,23600,PE,NSE:NIFTY26O0623600PE,1045.0,-88.5,-7.81,110630,-50635,117585,1043.1,1049.5,76.27,-0.85,22555.75
00:38:04,23600,CE,NSE:NIFTY26O0623600CE,0.5,-1.3,-72.22,3258645,-1291675,35857510,0.5,0.55,30.73,0.004,22555.75
00:38:04,23650,PE,NSE:NIFTY26O0623650PE,1095.0,-91.6,-7.72,55770,-7995,15405,1077.65,1121.3,78.81,-0.854,22555.75
00:38:04,23650,CE,NSE:NIFTY26O0623650CE,0.45,-1.2,-72.73,869245,23075,8894535,0.45,0.5,31.75,0.004,22555.75
00:38:04,23700,PE,NSE:NIFTY26O0623700PE,1145.4,-92.3,-7.46,57200,-28795,58760,1141.4,1147.85,81.47,-0.857,22555.75
00:38:04,23700,CE,NSE:NIFTY26O0623700CE,0.45,-1.1,-70.97,2565030,-1329900,19349200,0.4,0.45,33.1,0.004,22555.75
00:38:04,23750,CE,NSE:NIFTY26O0623750CE,0.4,-1.05,-72.41,698880,-383240,5014750,0.4,0.5,34.03,0.003,22555.75
00:38:04,23750,PE,NSE:NIFTY26O0623750PE,1210.9,-67.0,-5.24,4030,-455,975,1159.1,1237.05,89.63,-0.844,22555.75
00:38:04,23800,CE,NSE:NIFTY26O0623800CE,0.35,-1.0,-74.07,2661490,-1513650,23994035,0.35,0.4,34.89,0.003,22555.75
00:38:04,23800,PE,NSE:NIFTY26O0623800PE,1247.0,-82.15,-6.18,76115,-27755,73255,1241.15,1249.75,87.02,-0.862,22555.75
00:39:01,21300,PE,NSE:NIFTY26O0621300PE,0.7,-2.3,-76.67,1497925,-1263335,29962400,0.65,0.7,44.01,-0.004,22555.75
00:39:01,21300,CE,NSE:NIFTY26O0621300CE,2880.7,0.0,0.0,0,0,0,1117.0,1412.8,0.0,0.0,22555.75
00:39:01,21350,PE,NSE:NIFTY26O0621350PE,0.65,-2.6,-80.0,688220,-211640,14155700,0.65,0.8,42.14,-0.004,22555.75
00:39:01,21350,CE,NSE:NIFTY26O0621350CE,2831.3,0.0,0.0,0,0,0,1067.9,1392.4,0.0,0.0,22555.75
00:39:01,21400,PE,NSE:NIFTY26O0621400PE,0.8,-2.75,-77.46,2614170,-572330,49591750,0.7,0.8,41.53,-0.005,22555.75
00:39:01,21400,CE,NSE:NIFTY26O0621400CE,1149.55,77.6,7.24,1495,195,650,1149.75,1160.0,0.0,0.0,22555.75
00:39:01,21450,PE,NSE:NIFTY26O0621450PE,0.7,-3.25,-82.28,712985,-80600,18791435,0.7,0.95,39.39,-0.005,22555.75
00:39:01,21450,CE,NSE:NIFTY26O0621450CE,1094.6,211.05,23.89,2145,1755,6695,1056.75,1122.65,0.0,0.0,22555.75
00:39:01,21500,PE,NSE:NIFTY26O0621500PE,0.9,-3.6,-80.0,14735175,5117905,113477520,0.85,0.9,38.93,-0.006,22555.75
00:39:01,21500,CE,NSE:NIFTY26O0621500CE,1052.25,91.85,9.56,17485,-2340,32500,1049.75,1061.0,0.0,0.0,22555.75
00:39:01,21550,PE,NSE:NIFTY26O0621550PE,1.0,-3.85,-79.38,1372085,299585,42075085,0.75,1.0,37.81,-0.007,22555.75
00:39:01,21550,CE,NSE:NIFTY26O0621550CE,1181.35,0.0,0.0,390,0,0,888.45,1022.75,99.2,0.832,22555.75
00:39:01,21600,PE,NSE:NIFTY26O0621600PE,0.9,-4.5,-83.33,4019080,965180,106010775,0.9,0.95,35.76,-0.007,22555.75
00:39:01,21600,CE,NSE:NIFTY26O0621600CE,960.0,111.45,13.13,4745,-130,1560,842.2,958.3,0.0,0.0,22555.75
00:39:01,21650,PE,NSE:NIFTY26O0621650PE,1.15,-4.9,-80.99,1453660,324540,91981695,1.05,1.15,35.2,-0.008,22555.75
00:39:01,21650,CE,NSE:NIFTY26O0621650CE,902.25,80.8,9.84,14300,2795,5525,900.35,907.1,0.0,0.0,22555.75
00:39:01,21700,PE,NSE:NIFTY26O0621700PE,1.2,-5.7,-82.61,5314725,1246565,153150075,1.1,1.2,33.75,-0.009,22555.75
00:39:01,21700,CE,NSE:NIFTY26O0621700CE,856.0,86.05,11.18,13715,-65,8060,849.65,855.55,0.0,0.0,22555.75
00:39:01,21750,PE,NSE:NIFTY26O0621750PE,1.25,-6.7,-84.28,2292680,709480,121188665,1.05,1.25,32.27,-0.01,22555.75
00:39:01,21750,CE,NSE:NIFTY26O0621750CE,805.65,89.35,12.47,8515,1170,10855,800.0,805.6,0.0,0.0,22555.75
00:39:01,21800,PE,NSE:NIFTY26O0621800PE,1.2,-8.0,-86.96,6673095,1155435,172242460,1.2,1.3,30.46,-0.01,22555.75
00:39:01,21800,CE,NSE:NIFTY26O0621800CE,757.15,81.15,12.0,38675,-3055,70720,753.9,757.0,0.0,0.0,22555.75
00:39:01,21850,PE,NSE:NIFTY26O0621850PE,1.35,-9.8,-87.89,3302390,1303250,108570150,1.35,1.5,29.25,-0.011,22555.75
00:39:01,21850,CE,NSE:NIFTY26O0621850CE,706.2,80.15,12.8,24830,910,24765,700.75,706.35,0.0,0.0,22555.75
00:39:01,21900,PE,NSE:NIFTY26O0621900PE,1.45,-12.1,-89.3,7452120,2679760,118251965,1.5,1.75,27.84,-0.013,22555.75
00:39:01,21900,CE,NSE:NIFTY26O0621900CE,656.2,80.45,13.97,34190,-4745,104520,654.2,657.15,0.0,0.0,22555.75
00:39:01,21950,PE,NSE:NIFTY26O0621950PE,2.0,-14.35,-87.77,3301480,1429480,88517130,2.0,2.25,27.35,-0.017,22555.75
00:39:01,21950,CE,NSE:NIFTY26O0621950CE,604.3,72.25,13.58,31785,3575,104000,602.95,609.1,0.0,0.0,22555.75
00:39:01,22000,PE,NSE:NIFTY26O0622000PE,2.5,-17.35,-87.41,13091910,3033410,232774035,2.4,2.65,26.47,-0.021,22555.75
00:39:01,22000,CE,NSE:NIFTY26O0622000CE,555.0,79.6,16.74,408005,-367900,3402230,555.4,558.2,0.0,0.0,22555.75
00:39:01,22050,PE,NSE:NIFTY26O0622050PE,3.2,-21.05,-86.8,3113110,1308060,109964660,3.0,3.2,25.65,-0.027,22555.75
00:39:01,22050,CE,NSE:NIFTY26O0622050CE,505.9,70.85,16.29,52000,1430,241280,505.45,507.75,0.0,0.0,22555.75
00:39:01,22100,PE,NSE:NIFTY26O0622100PE,3.55,-25.95,-87.97,6497400,2761070,192650900,3.55,3.7,24.17,-0.032,22555.75
00:39:01,22100,CE,NSE:NIFTY26O0622100CE,456.65,66.45,17.03,182715,-50180,1298375,456.05,457.9,0.0,0.0,22555.75
00:39:01,22150,PE,NSE:NIFTY26O0622150PE,4.75,-31.45,-86.88,4015960,1379620,152517885,4.5,4.75,23.46,-0.042,22555.75
00:39:01,22150,CE,NSE:NIFTY26O0622150CE,406.55,58.85,16.93,131105,17160,834730,408.1,409.75,0.0,0.0,22555.75
00:39:01,22200,PE,NSE:NIFTY26O0622200PE,6.4,-38.05,-85.6,9137115,2631785,293959510,6.3,6.4,22.76,-0.056,22555.75
00:39:01,22200,CE,NSE:NIFTY26O0622200CE,359.95,54.6,17.88,560300,-280735,7617675,359.65,361.0,0.0,0.0,22555.75
00:39:01,22250,PE,NSE:NIFTY26O0622250PE,8.5,-45.9,-84.38,4803890,2866500,211566160,8.55,9.15,21.97,-0.073,22555.75
00:39:01,22250,CE,NSE:NIFTY26O0622250CE,312.2,46.0,17.28,342550,-124280,5561660,311.85,313.85,0.0,0.0,22555.75
00:39:01,22300,PE,NSE:NIFTY26O0622300PE,12.75,-53.25,-80.68,10305490,2133950,413757305,12.55,12.75,21.86,-0.103,22555.75
00:39:01,22300,CE,NSE:NIFTY26O0622300CE,266.3,38.35,16.82,980655,-2212925,32351410,266.05,268.0,0.0,0.0,22555.75
00:39:01,22350,PE,NSE:NIFTY26O0622350PE,18.0,-63.4,-77.89,5143840,2783880,300722955,18.0,18.15,21.5,-0.138,22555.75
00:39:01,22350,CE,NSE:NIFTY26O0622350CE,221.35,26.65,13.69,593775,-487505,29632655,221.7,223.0,0.0,0.0,22555.75
00:39:01,22400,PE,NSE:NIFTY26O0622400PE,25.85,-73.45,-73.97,11527165,7291505,635255400,25.9,26.2,21.38,-0.186,22555.75
00:39:01,22400,CE,NSE:NIFTY26O0622400CE,179.6,18.1,11.21,2327845,-1235975,153831600,179.65,180.85,0.0,0.0,22555.75
00:39:01,22450,PE,NSE:NIFTY26O0622450PE,37.55,-82.75,-68.79,6061250,3967150,544837215,37.55,38.0,21.6,-0.246,22555.75
00:39:01,22450,CE,NSE:NIFTY26O0622450CE,141.35,8.9,6.72,1791075,-508625,209604915,141.35,142.45,0.0,0.0,22555.75
00:39:01,22500,PE,NSE:NIFTY26O0622500PE,53.65,-90.45,-62.77,12246000,7330240,862510545,53.15,53.7,22.08,-0.316,22555.75
00:39:01,22500,CE,NSE:NIFTY26O0622500CE,107.55,0.65,0.61,7929220,1042800,609486215,106.75,107.55,0.0,0.0,22555.75
00:39:01,22550,PE,NSE:NIFTY26O0622550PE,74.15,-98.2,-56.98,5216510,4178590,477883705,74.4,74.7,22.68,-0.389,22555.75
00:39:01,22550,CE,NSE:NIFTY26O0622550CE,79.5,-5.95,-6.96,6496945,2138765,543882560,78.65,79.35,6.11,0.847,22555.75
00:39:01,22600,PE,NSE:NIFTY26O0622600PE,101.15,-103.4,-50.55,5075395,2562235,413132525,100.3,101.15,23.85,-0.464,22555.75
00:39:01,22600,CE,NSE:NIFTY26O0622600CE,55.65,-11.65,-17.31,10677810,4588410,772215730,55.1,55.65,9.06,0.588,22555.75
00:39:01,22650,PE,NSE:NIFTY26O0622650PE,132.45,-108.35,-45.0,1151605,449540,118351740,131.35,132.4,25.14,-0.533,22555.75
00:39:01,22650,CE,NSE:NIFTY26O0622650CE,36.35,-15.35,-29.69,6547905,154375,408997355,36.25,36.7,10.23,0.415,22555.75
00:39:01,22700,PE,NSE:NIFTY26O0622700PE,169.4,-110.7,-39.52,2219945,-415025,96270200,168.1,169.3,26.97,-0.592,22555.75
00:39:01,22700,CE,NSE:NIFTY26O0622700CE,23.25,-17.5,-42.94,11212045,1543035,481875420,23.3,23.55,11.17,0.283,22555.75
00:39:01,22750,PE,NSE:NIFTY26O0622750PE,211.45,-106.35,-33.46,709930,-62595,22320155,210.0,211.45,29.4,-0.638,22555.75
00:39:01,22750,CE,NSE:NIFTY26O0622750CE,14.45,-17.55,-54.84,6162520,2117440,262445430,14.3,14.7,11.93,0.187,22555.75
00:39:01,22800,CE,NSE:NIFTY26O0622800CE,8.5,-16.25,-65.66,14484990,5541900,347258405,8.5,8.95,12.47,0.118,22555.75
00:39:01,22800,PE,NSE:NIFTY26O0622800PE,254.7,-108.95,-29.96,1304615,-503745,23180170,254.4,255.55,31.71,-0.677,22555.75
00:39:01,22850,PE,NSE:NIFTY26O0622850PE,302.95,-103.7,-25.5,228345,-132730,3558295,301.3,303.25,34.92,-0.704,22555.75
00:39:01,22850,CE,NSE:NIFTY26O0622850CE,5.3,-14.25,-72.89,6270745,2917135,173883320,5.35,5.9,13.22,0.076,22555.75
00:39:01,22900,PE,NSE:NIFTY26O0622900PE,350.15,-100.25,-22.26,505765,-332215,4687670,349.5,351.6,37.69,-0.728,22555.75
00:39:01,22900,CE,NSE:NIFTY26O0622900CE,4.0,-11.25,-73.77,11205610,4143690,192286250,3.9,4.05,14.48,0.055,22555.75
00:39:01,22950,PE,NSE:NIFTY26O0622950PE,399.7,-102.9,-20.47,361920,-88920,907140,397.4,400.3,40.89,-0.745,22555.75
00:39:01,22950,CE,NSE:NIFTY26O0622950CE,2.85,-9.45,-76.83,4714580,1548240,85016750,2.85,3.25,15.47,0.039,22555.75
00:39:01,23000,PE,NSE:NIFTY26O0623000PE,448.55,-100.7,-18.33,1046370,-617430,4398550,447.2,448.9,43.79,-0.761,22555.75
00:39:01,23000,CE,NSE:NIFTY26O0623000CE,2.4,-7.9,-76.7,14848860,1084160,177855080,2.4,2.6,16.85,0.031,22555.75
00:39:01,23050,CE,NSE:NIFTY26O0623050CE,2.05,-6.25,-75.3,4538755,1050915,81236545,1.8,2.0,18.19,0.025,22555.75
00:39:01,23050,PE,NSE:NIFTY26O0623050PE,499.8,-99.6,-16.62,232635,-235625,841035,496.0,499.35,47.26,-0.771,22555.75
00:39:01,23100,PE,NSE:NIFTY26O0623100PE,546.0,-97.4,-15.14,453895,-629265,1186055,546.2,548.6,49.22,-0.787,22555.75
00:39:01,23100,CE,NSE:NIFTY26O0623100CE,1.4,-5.65,-80.14,8450260,2297420,113577035,1.4,1.75,18.83,0.017,22555.75
00:39:01,23150,PE,NSE:NIFTY26O0623150PE,595.5,-90.15,-13.15,87490,-41470,127335,596.3,599.0,52.02,-0.797,22555.75
00:39:01,23150,CE,NSE:NIFTY26O0623150CE,1.25,-4.75,-79.17,2897635,383115,61645870,1.25,1.5,20.16,0.015,22555.75
00:39:01,23200,CE,NSE:NIFTY26O0623200CE,1.15,-3.95,-77.45,8295430,-1180070,103646400,1.15,1.25,21.53,0.013,22555.75
00:39:01,23200,PE,NSE:NIFTY26O0623200PE,650.1,-90.25,-12.19,359970,-103870,312195,645.35,648.6,56.31,-0.799,22555.75
00:39:01,23250,PE,NSE:NIFTY26O0623250PE,697.5,-86.25,-11.0,252135,-18005,75075,694.25,698.15,58.38,-0.81,22555.75
00:39:01,23250,CE,NSE:NIFTY26O0623250CE,1.05,-3.3,-75.86,3334435,1304615,40557270,0.95,1.1,22.84,0.011,22555.75
00:39:01,23300,PE,NSE:NIFTY26O0623300PE,744.35,-87.1,-10.48,815620,-189080,377650,744.35,747.45,60.17,-0.821,22555.75
00:39:01,23300,CE,NSE:NIFTY26O0623300CE,0.8,-3.0,-78.95,6976840,-1160960,79508975,0.8,1.0,23.57,0.009,22555.75
00:39:01,23350,PE,NSE:NIFTY26O0623350PE,794.25,-104.65,-11.64,67600,-9165,65975,795.0,798.7,62.88,-0.827,22555.75
00:39:01,23350,CE,NSE:NIFTY26O0623350CE,0.7,-2.45,-77.78,1922440,108160,32011785,0.7,0.9,24.67,0.007,22555.75
00:39:01,23400,PE,NSE:NIFTY26O0623400PE,844.15,-98.2,-10.42,447720,-103740,192855,843.0,848.0,65.54,-0.833,22555.75
00:39:01,23400,CE,NSE:NIFTY26O0623400CE,0.65,-2.05,-75.93,4058210,-1034470,49476115,0.65,0.85,25.91,0.007,22555.75
00:39:01,23450,PE,NSE:NIFTY26O0623450PE,899.5,-85.0,-8.63,46800,-2275,83785,894.7,900.65,70.02,-0.832,22555.75
00:39:01,23450,CE,NSE:NIFTY26O0623450CE,0.85,-1.6,-65.31,1212315,-78845,20146750,0.7,0.8,28.22,0.008,22555.75
00:39:01,23500,CE,NSE:NIFTY26O0623500CE,0.7,-1.55,-68.89,13427050,930050,91780845,0.7,0.75,29.03,0.006,22555.75
00:39:01,23500,PE,NSE:NIFTY26O0623500PE,946.95,-97.75,-9.36,783315,-207545,712335,942.0,947.55,71.8,-0.839,22555.75
00:39:01,23550,PE,NSE:NIFTY26O0623550PE,1001.25,-75.3,-6.99,47450,-17485,34320,990.1,1000.5,75.9,-0.839,22555.75
00:39:01,23550,CE,NSE:NIFTY26O0623550CE,0.55,-1.45,-72.5,1122550,-505250,14514630,0.55,0.6,29.66,0.005,22555.75
00:39:01,23600,PE,NSE:NIFTY26O0623600PE,1045.0,-88.5,-7.81,110630,-50635,117585,1043.1,1049.5,76.27,-0.85,22555.75
00:39:01,23600,CE,NSE:NIFTY26O0623600CE,0.5,-1.3,-72.22,3258645,-1291675,35857510,0.5,0.55,30.73,0.004,22555.75
00:39:01,23650,PE,NSE:NIFTY26O0623650PE,1095.0,-91.6,-7.72,55770,-7995,15405,1077.65,1121.3,78.81,-0.854,22555.75
00:39:01,23650,CE,NSE:NIFTY26O0623650CE,0.45,-1.2,-72.73,869245,23075,8894535,0.45,0.5,31.75,0.004,22555.75
00:39:01,23700,PE,NSE:NIFTY26O0623700PE,1145.4,-92.3,-7.46,57200,-28795,58760,1141.4,1147.85,81.47,-0.857,22555.75
00:39:01,23700,CE,NSE:NIFTY26O0623700CE,0.45,-1.1,-70.97,2565030,-1329900,19349200,0.4,0.45,33.1,0.004,22555.75
00:39:01,23750,CE,NSE:NIFTY26O0623750CE,0.4,-1.05,-72.41,698880,-383240,5014750,0.4,0.5,34.03,0.003,22555.75
00:39:01,23750,PE,NSE:NIFTY26O0623750PE,1210.9,-67.0,-5.24,4030,-455,975,1159.1,1237.05,89.63,-0.844,22555.75
00:39:01,23800,CE,NSE:NIFTY26O0623800CE,0.35,-1.0,-74.07,2661490,-1513650,23994035,0.35,0.4,34.89,0.003,22555.75
00:39:01,23800,PE,NSE:NIFTY26O0623800PE,1247.0,-82.15,-6.18,76115,-27755,73255,1241.15,1249.75,87.02,-0.862,22555.75
00:40:00,21300,PE,NSE:NIFTY26O0621300PE,0.7,-2.3,-76.67,1497925,-1263335,29962400,0.65,0.7,44.01,-0.004,22555.75
00:40:00,21300,CE,NSE:NIFTY26O0621300CE,2880.7,0.0,0.0,0,0,0,1117.0,1412.8,0.0,0.0,22555.75
00:40:00,21350,PE,NSE:NIFTY26O0621350PE,0.65,-2.6,-80.0,688220,-211640,14155700,0.65,0.8,42.14,-0.004,22555.75
00:40:00,21350,CE,NSE:NIFTY26O0621350CE,2831.3,0.0,0.0,0,0,0,1067.9,1392.4,0.0,0.0,22555.75
00:40:00,21400,PE,NSE:NIFTY26O0621400PE,0.8,-2.75,-77.46,2614170,-572330,49591750,0.7,0.8,41.53,-0.005,22555.75
00:40:00,21400,CE,NSE:NIFTY26O0621400CE,1149.55,77.6,7.24,1495,195,650,1149.75,1160.0,0.0,0.0,22555.75
00:40:00,21450,PE,NSE:NIFTY26O0621450PE,0.7,-3.25,-82.28,712985,-80600,18791435,0.7,0.95,39.39,-0.005,22555.75
00:40:00,21450,CE,NSE:NIFTY26O0621450CE,1094.6,211.05,23.89,2145,1755,6695,1056.75,1122.65,0.0,0.0,22555.75
00:40:00,21500,PE,NSE:NIFTY26O0621500PE,0.9,-3.6,-80.0,14735175,5117905,113477520,0.85,0.9,38.93,-0.006,22555.75
00:40:00,21500,CE,NSE:NIFTY26O0621500CE,1052.25,91.85,9.56,17485,-2340,32500,1049.75,1061.0,0.0,0.0,22555.75
00:40:00,21550,PE,NSE:NIFTY26O0621550PE,1.0,-3.85,-79.38,1372085,299585,42075085,0.75,1.0,37.81,-0.007,22555.75
00:40:00,21550,CE,NSE:NIFTY26O0621550CE,1181.35,0.0,0.0,390,0,0,888.45,1022.75,99.2,0.832,22555.75
00:40:00,21600,PE,NSE:NIFTY26O0621600PE,0.9,-4.5,-83.33,4019080,965180,106010775,0.9,0.95,35.76,-0.007,22555.75
00:40:00,21600,CE,NSE:NIFTY26O0621600CE,960.0,111.45,13.13,4745,-130,1560,842.2,958.3,0.0,0.0,22555.75
00:40:00,21650,PE,NSE:NIFTY26O0621650PE,1.15,-4.9,-80.99,1453660,324540,91981695,1.05,1.15,35.2,-0.008,22555.75
00:40:00,21650,CE,NSE:NIFTY26O0621650CE,902.25,80.8,9.84,14300,2795,5525,900.35,907.1,0.0,0.0,22555.75
00:40:00,21700,PE,NSE:NIFTY26O0621700PE,1.2,-5.7,-82.61,5314725,1246565,153150075,1.1,1.2,33.75,-0.009,22555.75
00:40:00,21700,CE,NSE:NIFTY26O0621700CE,856.0,86.05,11.18,13715,-65,8060,849.65,855.55,0.0,0.0,22555.75
00:40:00,21750,PE,NSE:NIFTY26O0621750PE,1.25,-6.7,-84.28,2292680,709480,121188665,1.05,1.25,32.27,-0.01,22555.75
00:40:00,21750,CE,NSE:NIFTY26O0621750CE,805.65,89.35,12.47,8515,1170,10855,800.0,805.6,0.0,0.0,22555.75
00:40:00,21800,PE,NSE:NIFTY26O0621800PE,1.2,-8.0,-86.96,6673095,1155435,172242460,1.2,1.3,30.46,-0.01,22555.75
00:40:00,21800,CE,NSE:NIFTY26O0621800CE,757.15,81.15,12.0,38675,-3055,70720,753.9,757.0,0.0,0.0,22555.75
00:40:00,21850,PE,NSE:NIFTY26O0621850PE,1.35,-9.8,-87.89,3302390,1303250,108570150,1.35,1.5,29.25,-0.011,22555.75
00:40:00,21850,CE,NSE:NIFTY26O0621850CE,706.2,80.15,12.8,24830,910,24765,700.75,706.35,0.0,0.0,22555.75
00:40:00,21900,PE,NSE:NIFTY26O0621900PE,1.45,-12.1,-89.3,7452120,2679760,118251965,1.5,1.75,27.84,-0.013,22555.75
00:40:00,21900,CE,NSE:NIFTY26O0621900CE,656.2,80.45,13.97,34190,-4745,104520,654.2,657.15,0.0,0.0,22555.75
00:40:00,21950,PE,NSE:NIFTY26O0621950PE,2.0,-14.35,-87.77,3301480,1429480,88517130,2.0,2.25,27.35,-0.017,22555.75
00:40:00,21950,CE,NSE:NIFTY26O0621950CE,604.3,72.25,13.58,31785,3575,104000,602.95,609.1,0.0,0.0,22555.75
00:40:00,22000,PE,NSE:NIFTY26O0622000PE,2.5,-17.35,-87.41,13091910,3033410,232774035,2.4,2.65,26.47,-0.021,22555.75
00:40:00,22000,CE,NSE:NIFTY26O0622000CE,555.0,79.6,16.74,408005,-367900,3402230,555.4,558.2,0.0,0.0,22555.75
00:40:00,22050,PE,NSE:NIFTY26O0622050PE,3.2,-21.05,-86.8,3113110,1308060,109964660,3.0,3.2,25.65,-0.027,22555.75
00:40:00,22050,CE,NSE:NIFTY26O0622050CE,505.9,70.85,16.29,52000,1430,241280,505.45,507.75,0.0,0.0,22555.75
00:40:00,22100,PE,NSE:NIFTY26O0622100PE,3.55,-25.95,-87.97,6497400,2761070,192650900,3.55,3.7,24.17,-0.032,22555.75
00:40:00,22100,CE,NSE:NIFTY26O0622100CE,456.65,66.45,17.03,182715,-50180,1298375,456.05,457.9,0.0,0.0,22555.75
00:40:00,22150,PE,NSE:NIFTY26O0622150PE,4.75,-31.45,-86.88,4015960,1379620,152517885,4.5,4.75,23.46,-0.042,22555.75
00:40:00,22150,CE,NSE:NIFTY26O0622150CE,406.55,58.85,16.93,131105,17160,834730,408.1,409.75,0.0,0.0,22555.75
00:40:00,22200,PE,NSE:NIFTY26O0622200PE,6.4,-38.05,-85.6,9137115,2631785,293959510,6.3,6.4,22.76,-0.056,22555.75
00:40:00,22200,CE,NSE:NIFTY26O0622200CE,359.95,54.6,17.88,560300,-280735,7617675,359.65,361.0,0.0,0.0,22555.75
00:40:00,22250,PE,NSE:NIFTY26O0622250PE,8.5,-45.9,-84.38,4803890,2866500,211566160,8.55,9.15,21.97,-0.073,22555.75
00:40:00,22250,CE,NSE:NIFTY26O0622250CE,312.2,46.0,17.28,342550,-124280,5561660,311.85,313.85,0.0,0.0,22555.75
00:40:00,22300,PE,NSE:NIFTY26O0622300PE,12.75,-53.25,-80.68,10305490,2133950,413757305,12.55,12.75,21.86,-0.103,22555.75
00:40:00,22300,CE,NSE:NIFTY26O0622300CE,266.3,38.35,16.82,980655,-2212925,32351410,266.05,268.0,0.0,0.0,22555.75
00:40:00,22350,PE,NSE:NIFTY26O0622350PE,18.0,-63.4,-77.89,5143840,2783880,300722955,18.0,18.15,21.5,-0.138,22555.75
00:40:00,22350,CE,NSE:NIFTY26O0622350CE,221.35,26.65,13.69,593775,-487505,29632655,221.7,223.0,0.0,0.0,22555.75
00:40:00,22400,PE,NSE:NIFTY26O0622400PE,25.85,-73.45,-73.97,11527165,7291505,635255400,25.9,26.2,21.38,-0.186,22555.75
00:40:00,22400,CE,NSE:NIFTY26O0622400CE,179.6,18.1,11.21,2327845,-1235975,153831600,179.65,180.85,0.0,0.0,22555.75
00:40:00,22450,PE,NSE:NIFTY26O0622450PE,37.55,-82.75,-68.79,6061250,3967150,544837215,37.55,38.0,21.6,-0.246,22555.75
00:40:00,22450,CE,NSE:NIFTY26O0622450CE,141.35,8.9,6.72,1791075,-508625,209604915,141.35,142.45,0.0,0.0,22555.75
00:40:00,22500,PE,NSE:NIFTY26O0622500PE,53.65,-90.45,-62.77,12246000,7330240,862510545,53.15,53.7,22.08,-0.316,22555.75
00:40:00,22500,CE,NSE:NIFTY26O0622500CE,107.55,0.65,0.61,7929220,1042800,609486215,106.75,107.55,0.0,0.0,22555.75
00:40:00,22550,PE,NSE:NIFTY26O0622550PE,74.15,-98.2,-56.98,5216510,4178590,477883705,74.4,74.7,22.68,-0.389,22555.75
00:40:00,22550,CE,NSE:NIFTY26O0622550CE,79.5,-5.95,-6.96,6496945,2138765,543882560,78.65,79.35,6.11,0.847,22555.75
00:40:00,22600,PE,NSE:NIFTY26O0622600PE,101.15,-103.4,-50.55,5075395,2562235,413132525,100.3,101.15,23.85,-0.464,22555.75
00:40:00,22600,CE,NSE:NIFTY26O0622600CE,55.65,-11.65,-17.31,10677810,4588410,772215730,55.1,55.65,9.06,0.588,22555.75
00:40:00,22650,PE,NSE:NIFTY26O0622650PE,132.45,-108.35,-45.0,1151605,449540,118351740,131.35,132.4,25.14,-0.533,22555.75
00:40:00,22650,CE,NSE:NIFTY26O0622650CE,36.35,-15.35,-29.69,6547905,154375,408997355,36.25,36.7,10.23,0.415,22555.75
00:40:00,22700,PE,NSE:NIFTY26O0622700PE,169.4,-110.7,-39.52,2219945,-415025,96270200,168.1,169.3,26.97,-0.592,22555.75
00:40:00,22700,CE,NSE:NIFTY26O0622700CE,23.25,-17.5,-42.94,11212045,1543035,481875420,23.3,23.55,11.17,0.283,22555.75
00:40:00,22750,PE,NSE:NIFTY26O0622750PE,211.45,-106.35,-33.46,709930,-62595,22320155,210.0,211.45,29.4,-0.638,22555.75
00:40:00,22750,CE,NSE:NIFTY26O0622750CE,14.45,-17.55,-54.84,6162520,2117440,262445430,14.3,14.7,11.93,0.187,22555.75
00:40:00,22800,CE,NSE:NIFTY26O0622800CE,8.5,-16.25,-65.66,14484990,5541900,347258405,8.5,8.95,12.47,0.118,22555.75
00:40:00,22800,PE,NSE:NIFTY26O0622800PE,254.7,-108.95,-29.96,1304615,-503745,23180170,254.4,255.55,31.71,-0.677,22555.75
00:40:00,22850,PE,NSE:NIFTY26O0622850PE,302.95,-103.7,-25.5,228345,-132730,3558295,301.3,303.25,34.92,-0.704,22555.75
00:40:00,22850,CE,NSE:NIFTY26O0622850CE,5.3,-14.25,-72.89,6270745,2917135,173883320,5.35,5.9,13.22,0.076,22555.75
00:40:00,22900,PE,NSE:NIFTY26O0622900PE,350.15,-100.25,-22.26,505765,-332215,4687670,349.5,351.6,37.69,-0.728,22555.75
00:40:00,22900,CE,NSE:NIFTY26O0622900CE,4.0,-11.25,-73.77,11205610,4143690,192286250,3.9,4.05,14.48,0.055,22555.75
00:40:00,22950,PE,NSE:NIFTY26O0622950PE,399.7,-102.9,-20.47,361920,-88920,907140,397.4,400.3,40.89,-0.745,22555.75
00:40:00,22950,CE,NSE:NIFTY26O0622950CE,2.85,-9.45,-76.83,4714580,1548240,85016750,2.85,3.25,15.47,0.039,22555.75
00:40:00,23000,PE,NSE:NIFTY26O0623000PE,448.55,-100.7,-18.33,1046370,-617430,4398550,447.2,448.9,43.79,-0.761,22555.75
00:40:00,23000,CE,NSE:NIFTY26O0623000CE,2.4,-7.9,-76.7,14848860,1084160,177855080,2.4,2.6,16.85,0.031,22555.75
00:40:00,23050,CE,NSE:NIFTY26O0623050CE,2.05,-6.25,-75.3,4538755,1050915,81236545,1.8,2.0,18.19,0.025,22555.75
00:40:00,23050,PE,NSE:NIFTY26O0623050PE,499.8,-99.6,-16.62,232635,-235625,841035,496.0,499.35,47.26,-0.771,22555.75
00:40:00,23100,PE,NSE:NIFTY26O0623100PE,546.0,-97.4,-15.14,453895,-629265,1186055,546.2,548.6,49.22,-0.787,22555.75
00:40:00,23100,CE,NSE:NIFTY26O0623100CE,1.4,-5.65,-80.14,8450260,2297420,113577035,1.4,1.75,18.83,0.017,22555.75
00:40:00,23150,PE,NSE:NIFTY26O0623150PE,595.5,-90.15,-13.15,87490,-41470,127335,596.3,599.0,52.02,-0.797,22555.75
00:40:00,23150,CE,NSE:NIFTY26O0623150CE,1.25,-4.75,-79.17,2897635,383115,61645870,1.25,1.5,20.16,0.015,22555.75
00:40:00,23200,CE,NSE:NIFTY26O0623200CE,1.15,-3.95,-77.45,8295430,-1180070,103646400,1.15,1.25,21.53,0.013,22555.75
00:40:00,23200,PE,NSE:NIFTY26O0623200PE,650.1,-90.25,-12.19,359970,-103870,312195,645.35,648.6,56.31,-0.799,22555.75
00:40:00,23250,PE,NSE:NIFTY26O0623250PE,697.5,-86.25,-11.0,252135,-18005,75075,694.25,698.15,58.38,-0.81,22555.75
00:40:00,23250,CE,NSE:NIFTY26O0623250CE,1.05,-3.3,-75.86,3334435,1304615,40557270,0.95,1.1,22.84,0.011,22555.75
00:40:00,23300,PE,NSE:NIFTY26O0623300PE,744.35,-87.1,-10.48,815620,-189080,377650,744.35,747.45,60.17,-0.821,22555.75
00:40:00,23300,CE,NSE:NIFTY26O0623300CE,0.8,-3.0,-78.95,6976840,-1160960,79508975,0.8,1.0,23.57,0.009,22555.75
00:40:00,23350,PE,NSE:NIFTY26O0623350PE,794.25,-104.65,-11.64,67600,-9165,65975,795.0,798.7,62.88,-0.827,22555.75
00:40:00,23350,CE,NSE:NIFTY26O0623350CE,0.7,-2.45,-77.78,1922440,108160,32011785,0.7,0.9,24.67,0.007,22555.75
00:40:00,23400,PE,NSE:NIFTY26O0623400PE,844.15,-98.2,-10.42,447720,-103740,192855,843.0,848.0,65.54,-0.833,22555.75
00:40:00,23400,CE,NSE:NIFTY26O0623400CE,0.65,-2.05,-75.93,4058210,-1034470,49476115,0.65,0.85,25.91,0.007,22555.75
00:40:00,23450,PE,NSE:NIFTY26O0623450PE,899.5,-85.0,-8.63,46800,-2275,83785,894.7,900.65,70.02,-0.832,22555.75
00:40:00,23450,CE,NSE:NIFTY26O0623450CE,0.85,-1.6,-65.31,1212315,-78845,20146750,0.7,0.8,28.22,0.008,22555.75
00:40:00,23500,CE,NSE:NIFTY26O0623500CE,0.7,-1.55,-68.89,13427050,930050,91780845,0.7,0.75,29.03,0.006,22555.75
00:40:00,23500,PE,NSE:NIFTY26O0623500PE,946.95,-97.75,-9.36,783315,-207545,712335,942.0,947.55,71.8,-0.839,22555.75
00:40:00,23550,PE,NSE:NIFTY26O0623550PE,1001.25,-75.3,-6.99,47450,-17485,34320,990.1,1000.5,75.9,-0.839,22555.75
00:40:00,23550,CE,NSE:NIFTY26O0623550CE,0.55,-1.45,-72.5,1122550,-505250,14514630,0.55,0.6,29.66,0.005,22555.75
00:40:00,23600,PE,NSE:NIFTY26O0623600PE,1045.0,-88.5,-7.81,110630,-50635,117585,1043.1,1049.5,76.27,-0.85,22555.75
00:40:00,23600,CE,NSE:NIFTY26O0623600CE,0.5,-1.3,-72.22,3258645,-1291675,35857510,0.5,0.55,30.73,0.004,22555.75
00:40:00,23650,PE,NSE:NIFTY26O0623650PE,1095.0,-91.6,-7.72,55770,-7995,15405,1077.65,1121.3,78.81,-0.854,22555.75
00:40:00,23650,CE,NSE:NIFTY26O0623650CE,0.45,-1.2,-72.73,869245,23075,8894535,0.45,0.5,31.75,0.004,22555.75
00:40:00,23700,PE,NSE:NIFTY26O0623700PE,1145.4,-92.3,-7.46,57200,-28795,58760,1141.4,1147.85,81.47,-0.857,22555.75
00:40:00,23700,CE,NSE:NIFTY26O0623700CE,0.45,-1.1,-70.97,2565030,-1329900,19349200,0.4,0.45,33.1,0.004,22555.75
00:40:00,23750,CE,NSE:NIFTY26O0623750CE,0.4,-1.05,-72.41,698880,-383240,5014750,0.4,0.5,34.03,0.003,22555.75
00:40:00,23750,PE,NSE:NIFTY26O0623750PE,1210.9,-67.0,-5.24,4030,-455,975,1159.1,1237.05,89.63,-0.844,22555.75
00:40:00,23800,CE,NSE:NIFTY26O0623800CE,0.35,-1.0,-74.07,2661490,-1513650,23994035,0.35,0.4,34.89,0.003,22555.75
00:40:00,23800,PE,NSE:NIFTY26O0623800PE,1247.0,-82.15,-6.18,76115,-27755,73255,1241.15,1249.75,87.02,-0.862,22555.75
00:41:01,21300,PE,NSE:NIFTY26O0621300PE,0.7,-2.3,-76.67,1497925,-1263335,29962400,0.65,0.7,44.01,-0.004,22555.75
00:41:01,21300,CE,NSE:NIFTY26O0621300CE,2880.7,0.0,0.0,0,0,0,1117.0,1412.8,0.0,0.0,22555.75
00:41:01,21350,PE,NSE:NIFTY26O0621350PE,0.65,-2.6,-80.0,688220,-211640,14155700,0.65,0.8,42.14,-0.004,22555.75
00:41:01,21350,CE,NSE:NIFTY26O0621350CE,2831.3,0.0,0.0,0,0,0,1067.9,1392.4,0.0,0.0,22555.75
00:41:01,21400,PE,NSE:NIFTY26O0621400PE,0.8,-2.75,-77.46,2614170,-572330,49591750,0.7,0.8,41.53,-0.005,22555.75
00:41:01,21400,CE,NSE:NIFTY26O0621400CE,1149.55,77.6,7.24,1495,195,650,1149.75,1160.0,0.0,0.0,22555.75
00:41:01,21450,PE,NSE:NIFTY26O0621450PE,0.7,-3.25,-82.28,712985,-80600,18791435,0.7,0.95,39.39,-0.005,22555.75
00:41:01,21450,CE,NSE:NIFTY26O0621450CE,1094.6,211.05,23.89,2145,1755,6695,1056.75,1122.65,0.0,0.0,22555.75
00:41:01,21500,PE,NSE:NIFTY26O0621500PE,0.9,-3.6,-80.0,14735175,5117905,113477520,0.85,0.9,38.93,-0.006,22555.75
00:41:01,21500,CE,NSE:NIFTY26O0621500CE,1052.25,91.85,9.56,17485,-2340,32500,1049.75,1061.0,0.0,0.0,22555.75
00:41:01,21550,PE,NSE:NIFTY26O0621550PE,1.0,-3.85,-79.38,1372085,299585,42075085,0.75,1.0,37.81,-0.007,22555.75
00:41:01,21550,CE,NSE:NIFTY26O0621550CE,1181.35,0.0,0.0,390,0,0,888.45,1022.75,99.2,0.832,22555.75
00:41:01,21600,PE,NSE:NIFTY26O0621600PE,0.9,-4.5,-83.33,4019080,965180,106010775,0.9,0.95,35.76,-0.007,22555.75
00:41:01,21600,CE,NSE:NIFTY26O0621600CE,960.0,111.45,13.13,4745,-130,1560,842.2,958.3,0.0,0.0,22555.75
00:41:01,21650,PE,NSE:NIFTY26O0621650PE,1.15,-4.9,-80.99,1453660,324540,91981695,1.05,1.15,35.2,-0.008,22555.75
00:41:01,21650,CE,NSE:NIFTY26O0621650CE,902.25,80.8,9.84,14300,2795,5525,900.35,907.1,0.0,0.0,22555.75
00:41:01,21700,PE,NSE:NIFTY26O0621700PE,1.2,-5.7,-82.61,5314725,1246565,153150075,1.1,1.2,33.75,-0.009,22555.75
00:41:01,21700,CE,NSE:NIFTY26O0621700CE,856.0,86.05,11.18,13715,-65,8060,849.65,855.55,0.0,0.0,22555.75
00:41:01,21750,PE,NSE:NIFTY26O0621750PE,1.25,-6.7,-84.28,2292680,709480,121188665,1.05,1.25,32.27,-0.01,22555.75
00:41:01,21750,CE,NSE:NIFTY26O0621750CE,805.65,89.35,12.47,8515,1170,10855,800.0,805.6,0.0,0.0,22555.75
00:41:01,21800,PE,NSE:NIFTY26O0621800PE,1.2,-8.0,-86.96,6673095,1155435,172242460,1.2,1.3,30.46,-0.01,22555.75
00:41:01,21800,CE,NSE:NIFTY26O0621800CE,757.15,81.15,12.0,38675,-3055,70720,753.9,757.0,0.0,0.0,22555.75
00:41:01,21850,PE,NSE:NIFTY26O0621850PE,1.35,-9.8,-87.89,3302390,1303250,108570150,1.35,1.5,29.25,-0.011,22555.75
00:41:01,21850,CE,NSE:NIFTY26O0621850CE,706.2,80.15,12.8,24830,910,24765,700.75,706.35,0.0,0.0,22555.75
00:41:01,21900,PE,NSE:NIFTY26O0621900PE,1.45,-12.1,-89.3,7452120,2679760,118251965,1.5,1.75,27.84,-0.013,22555.75
00:41:01,21900,CE,NSE:NIFTY26O0621900CE,656.2,80.45,13.97,34190,-4745,104520,654.2,657.15,0.0,0.0,22555.75
00:41:01,21950,PE,NSE:NIFTY26O0621950PE,2.0,-14.35,-87.77,3301480,1429480,88517130,2.0,2.25,27.35,-0.017,22555.75
00:41:01,21950,CE,NSE:NIFTY26O0621950CE,604.3,72.25,13.58,31785,3575,104000,602.95,609.1,0.0,0.0,22555.75
00:41:01,22000,PE,NSE:NIFTY26O0622000PE,2.5,-17.35,-87.41,13091910,3033410,232774035,2.4,2.65,26.47,-0.021,22555.75
00:41:01,22000,CE,NSE:NIFTY26O0622000CE,555.0,79.6,16.74,408005,-367900,3402230,555.4,558.2,0.0,0.0,22555.75
00:41:01,22050,PE,NSE:NIFTY26O0622050PE,3.2,-21.05,-86.8,3113110,1308060,109964660,3.0,3.2,25.65,-0.027,22555.75
00:41:01,22050,CE,NSE:NIFTY26O0622050CE,505.9,70.85,16.29,52000,1430,241280,505.45,507.75,0.0,0.0,22555.75
00:41:01,22100,PE,NSE:NIFTY26O0622100PE,3.55,-25.95,-87.97,6497400,2761070,192650900,3.55,3.7,24.17,-0.032,22555.75
00:41:01,22100,CE,NSE:NIFTY26O0622100CE,456.65,66.45,17.03,182715,-50180,1298375,456.05,457.9,0.0,0.0,22555.75
00:41:01,22150,PE,NSE:NIFTY26O0622150PE,4.75,-31.45,-86.88,4015960,1379620,152517885,4.5,4.75,23.46,-0.042,22555.75
00:41:01,22150,CE,NSE:NIFTY26O0622150CE,406.55,58.85,16.93,131105,17160,834730,408.1,409.75,0.0,0.0,22555.75
00:41:01,22200,PE,NSE:NIFTY26O0622200PE,6.4,-38.05,-85.6,9137115,2631785,293959510,6.3,6.4,22.76,-0.056,22555.75
00:41:01,22200,CE,NSE:NIFTY26O0622200CE,359.95,54.6,17.88,560300,-280735,7617675,359.65,361.0,0.0,0.0,22555.75
00:41:01,22250,PE,NSE:NIFTY26O0622250PE,8.5,-45.9,-84.38,4803890,2866500,211566160,8.55,9.15,21.97,-0.073,22555.75
00:41:01,22250,CE,NSE:NIFTY26O0622250CE,312.2,46.0,17.28,342550,-124280,5561660,311.85,313.85,0.0,0.0,22555.75
00:41:01,22300,PE,NSE:NIFTY26O0622300PE,12.75,-53.25,-80.68,10305490,2133950,413757305,12.55,12.75,21.86,-0.103,22555.75
00:41:01,22300,CE,NSE:NIFTY26O0622300CE,266.3,38.35,16.82,980655,-2212925,32351410,266.05,268.0,0.0,0.0,22555.75
00:41:01,22350,PE,NSE:NIFTY26O0622350PE,18.0,-63.4,-77.89,5143840,2783880,300722955,18.0,18.15,21.5,-0.138,22555.75
00:41:01,22350,CE,NSE:NIFTY26O0622350CE,221.35,26.65,13.69,593775,-487505,29632655,221.7,223.0,0.0,0.0,22555.75
00:41:01,22400,PE,NSE:NIFTY26O0622400PE,25.85,-73.45,-73.97,11527165,7291505,635255400,25.9,26.2,21.38,-0.186,22555.75
00:41:01,22400,CE,NSE:NIFTY26O0622400CE,179.6,18.1,11.21,2327845,-1235975,153831600,179.65,180.85,0.0,0.0,22555.75
00:41:01,22450,PE,NSE:NIFTY26O0622450PE,37.55,-82.75,-68.79,6061250,3967150,544837215,37.55,38.0,21.6,-0.246,22555.75
00:41:01,22450,CE,NSE:NIFTY26O0622450CE,141.35,8.9,6.72,1791075,-508625,209604915,141.35,142.45,0.0,0.0,22555.75
00:41:01,22500,PE,NSE:NIFTY26O0622500PE,53.65,-90.45,-62.77,12246000,7330240,862510545,53.15,53.7,22.08,-0.316,22555.75
00:41:01,22500,CE,NSE:NIFTY26O0622500CE,107.55,0.65,0.61,7929220,1042800,609486215,106.75,107.55,0.0,0.0,22555.75
00:41:01,22550,PE,NSE:NIFTY26O0622550PE,74.15,-98.2,-56.98,5216510,4178590,477883705,74.4,74.7,22.68,-0.389,22555.75
00:41:01,22550,CE,NSE:NIFTY26O0622550CE,79.5,-5.95,-6.96,6496945,2138765,543882560,78.65,79.35,6.11,0.847,22555.75
00:41:01,22600,PE,NSE:NIFTY26O0622600PE,101.15,-103.4,-50.55,5075395,2562235,413132525,100.3,101.15,23.85,-0.464,22555.75
00:41:01,22600,CE,NSE:NIFTY26O0622600CE,55.65,-11.65,-17.31,10677810,4588410,772215730,55.1,55.65,9.06,0.588,22555.75
00:41:01,22650,PE,NSE:NIFTY26O0622650PE,132.45,-108.35,-45.0,1151605,449540,118351740,131.35,132.4,25.14,-0.533,22555.75
00:41:01,22650,CE,NSE:NIFTY26O0622650CE,36.35,-15.35,-29.69,6547905,154375,408997355,36.25,36.7,10.23,0.415,22555.75
00:41:01,22700,PE,NSE:NIFTY26O0622700PE,169.4,-110.7,-39.52,2219945,-415025,96270200,168.1,169.3,26.97,-0.592,22555.75
00:41:01,22700,CE,NSE:NIFTY26O0622700CE,23.25,-17.5,-42.94,11212045,1543035,481875420,23.3,23.55,11.17,0.283,22555.75
00:41:01,22750,PE,NSE:NIFTY26O0622750PE,211.45,-106.35,-33.46,709930,-62595,22320155,210.0,211.45,29.4,-0.638,22555.75
00:41:01,22750,CE,NSE:NIFTY26O0622750CE,14.45,-17.55,-54.84,6162520,2117440,262445430,14.3,14.7,11.93,0.187,22555.75
00:41:01,22800,CE,NSE:NIFTY26O0622800CE,8.5,-16.25,-65.66,14484990,5541900,347258405,8.5,8.95,12.47,0.118,22555.75
00:41:01,22800,PE,NSE:NIFTY26O0622800PE,254.7,-108.95,-29.96,1304615,-503745,23180170,254.4,255.55,31.71,-0.677,22555.75
00:41:01,22850,PE,NSE:NIFTY26O0622850PE,302.95,-103.7,-25.5,228345,-132730,3558295,301.3,303.25,34.92,-0.704,22555.75
00:41:01,22850,CE,NSE:NIFTY26O0622850CE,5.3,-14.25,-72.89,6270745,2917135,173883320,5.35,5.9,13.22,0.076,22555.75
00:41:01,22900,PE,NSE:NIFTY26O0622900PE,350.15,-100.25,-22.26,505765,-332215,4687670,349.5,351.6,37.69,-0.728,22555.75
00:41:01,22900,CE,NSE:NIFTY26O0622900CE,4.0,-11.25,-73.77,11205610,4143690,192286250,3.9,4.05,14.48,0.055,22555.75
00:41:01,22950,PE,NSE:NIFTY26O0622950PE,399.7,-102.9,-20.47,361920,-88920,907140,397.4,400.3,40.89,-0.745,22555.75
00:41:01,22950,CE,NSE:NIFTY26O0622950CE,2.85,-9.45,-76.83,4714580,1548240,85016750,2.85,3.25,15.47,0.039,22555.75
00:41:01,23000,PE,NSE:NIFTY26O0623000PE,448.55,-100.7,-18.33,1046370,-617430,4398550,447.2,448.9,43.79,-0.761,22555.75
00:41:01,23000,CE,NSE:NIFTY26O0623000CE,2.4,-7.9,-76.7,14848860,1084160,177855080,2.4,2.6,16.85,0.031,22555.75
00:41:01,23050,CE,NSE:NIFTY26O0623050CE,2.05,-6.25,-75.3,4538755,1050915,81236545,1.8,2.0,18.19,0.025,22555.75
00:41:01,23050,PE,NSE:NIFTY26O0623050PE,499.8,-99.6,-16.62,232635,-235625,841035,496.0,499.35,47.26,-0.771,22555.75
00:41:01,23100,PE,NSE:NIFTY26O0623100PE,546.0,-97.4,-15.14,453895,-629265,1186055,546.2,548.6,49.22,-0.787,22555.75
00:41:01,23100,CE,NSE:NIFTY26O0623100CE,1.4,-5.65,-80.14,8450260,2297420,113577035,1.4,1.75,18.83,0.017,22555.75
00:41:01,23150,PE,NSE:NIFTY26O0623150PE,595.5,-90.15,-13.15,87490,-41470,127335,596.3,599.0,52.02,-0.797,22555.75
00:41:01,23150,CE,NSE:NIFTY26O0623150CE,1.25,-4.75,-79.17,2897635,383115,61645870,1.25,1.5,20.16,0.015,22555.75
00:41:01,23200,CE,NSE:NIFTY26O0623200CE,1.15,-3.95,-77.45,8295430,-1180070,103646400,1.15,1.25,21.53,0.013,22555.75
00:41:01,23200,PE,NSE:NIFTY26O0623200PE,650.1,-90.25,-12.19,359970,-103870,312195,645.35,648.6,56.31,-0.799,22555.75
00:41:01,23250,PE,NSE:NIFTY26O0623250PE,697.5,-86.25,-11.0,252135,-18005,75075,694.25,698.15,58.38,-0.81,22555.75
00:41:01,23250,CE,NSE:NIFTY26O0623250CE,1.05,-3.3,-75.86,3334435,1304615,40557270,0.95,1.1,22.84,0.011,22555.75
00:41:01,23300,PE,NSE:NIFTY26O0623300PE,744.35,-87.1,-10.48,815620,-189080,377650,744.35,747.45,60.17,-0.821,22555.75
00:41:01,23300,CE,NSE:NIFTY26O0623300CE,0.8,-3.0,-78.95,6976840,-1160960,79508975,0.8,1.0,23.57,0.009,22555.75
00:41:01,23350,PE,NSE:NIFTY26O0623350PE,794.25,-104.65,-11.64,67600,-9165,65975,795.0,798.7,62.88,-0.827,22555.75
00:41:01,23350,CE,NSE:NIFTY26O0623350CE,0.7,-2.45,-77.78,1922440,108160,32011785,0.7,0.9,24.67,0.007,22555.75
00:41:01,23400,PE,NSE:NIFTY26O0623400PE,844.15,-98.2,-10.42,447720,-103740,192855,843.0,848.0,65.54,-0.833,22555.75
00:41:01,23400,CE,NSE:NIFTY26O0623400CE,0.65,-2.05,-75.93,4058210,-1034470,49476115,0.65,0.85,25.91,0.007,22555.75
00:41:01,23450,PE,NSE:NIFTY26O0623450PE,899.5,-85.0,-8.63,46800,-2275,83785,894.7,900.65,70.02,-0.832,22555.75
00:41:01,23450,CE,NSE:NIFTY26O0623450CE,0.85,-1.6,-65.31,1212315,-78845,20146750,0.7,0.8,28.22,0.008,22555.75
00:41:01,23500,CE,NSE:NIFTY26O0623500CE,0.7,-1.55,-68.89,13427050,930050,91780845,0.7,0.75,29.03,0.006,22555.75
00:41:01,23500,PE,NSE:NIFTY26O0623500PE,946.95,-97.75,-9.36,783315,-207545,712335,942.0,947.55,71.8,-0.839,22555.75
00:41:01,23550,PE,NSE:NIFTY26O0623550PE,1001.25,-75.3,-6.99,47450,-17485,34320,990.1,1000.5,75.9,-0.839,22555.75
00:41:01,23550,CE,NSE:NIFTY26O0623550CE,0.55,-1.45,-72.5,1122550,-505250,14514630,0.55,0.6,29.66,0.005,22555.75
00:41:01,23600,PE,NSE:NIFTY26O0623600PE,1045.0,-88.5,-7.81,110630,-50635,117585,1043.1,1049.5,76.27,-0.85,22555.75
00:41:01,23600,CE,NSE:NIFTY26O0623600CE,0.5,-1.3,-72.22,3258645,-1291675,35857510,0.5,0.55,30.73,0.004,22555.75
00:41:01,23650,PE,NSE:NIFTY26O0623650PE,1095.0,-91.6,-7.72,55770,-7995,15405,1077.65,1121.3,78.81,-0.854,22555.75
00:41:01,23650,CE,NSE:NIFTY26O0623650CE,0.45,-1.2,-72.73,869245,23075,8894535,0.45,0.5,31.75,0.004,22555.75
00:41:01,23700,PE,NSE:NIFTY26O0623700PE,1145.4,-92.3,-7.46,57200,-28795,58760,1141.4,1147.85,81.47,-0.857,22555.75
00:41:01,23700,CE,NSE:NIFTY26O0623700CE,0.45,-1.1,-70.97,2565030,-1329900,19349200,0.4,0.45,33.1,0.004,22555.75
00:41:01,23750,CE,NSE:NIFTY26O0623750CE,0.4,-1.05,-72.41,698880,-383240,5014750,0.4,0.5,34.03,0.003,22555.75
00:41:01,23750,PE,NSE:NIFTY26O0623750PE,1210.9,-67.0,-5.24,4030,-455,975,1159.1,1237.05,89.63,-0.844,22555.75
00:41:01,23800,CE,NSE:NIFTY26O0623800CE,0.35,-1.0,-74.07,2661490,-1513650,23994035,0.35,0.4,34.89,0.003,22555.75
00:41:01,23800,PE,NSE:NIFTY26O0623800PE,1247.0,-82.15,-6.18,76115,-27755,73255,1241.15,1249.75,87.02,-0.862,22555.75
00:42:01,21300,PE,NSE:NIFTY26O0621300PE,0.7,-2.3,-76.67,1497925,-1263335,29962400,0.65,0.7,44.01,-0.004,22555.75
00:42:01,21300,CE,NSE:NIFTY26O0621300CE,2880.7,0.0,0.0,0,0,0,1117.0,1412.8,0.0,0.0,22555.75
00:42:01,21350,PE,NSE:NIFTY26O0621350PE,0.65,-2.6,-80.0,688220,-211640,14155700,0.65,0.8,42.14,-0.004,22555.75
00:42:01,21350,CE,NSE:NIFTY26O0621350CE,2831.3,0.0,0.0,0,0,0,1067.9,1392.4,0.0,0.0,22555.75
00:42:01,21400,PE,NSE:NIFTY26O0621400PE,0.8,-2.75,-77.46,2614170,-572330,49591750,0.7,0.8,41.53,-0.005,22555.75
00:42:01,21400,CE,NSE:NIFTY26O0621400CE,1149.55,77.6,7.24,1495,195,650,1149.75,1160.0,0.0,0.0,22555.75
00:42:01,21450,PE,NSE:NIFTY26O0621450PE,0.7,-3.25,-82.28,712985,-80600,18791435,0.7,0.95,39.39,-0.005,22555.75
00:42:01,21450,CE,NSE:NIFTY26O0621450CE,1094.6,211.05,23.89,2145,1755,6695,1056.75,1122.65,0.0,0.0,22555.75
00:42:01,21500,PE,NSE:NIFTY26O0621500PE,0.9,-3.6,-80.0,14735175,5117905,113477520,0.85,0.9,38.93,-0.006,22555.75
00:42:01,21500,CE,NSE:NIFTY26O0621500CE,1052.25,91.85,9.56,17485,-2340,32500,1049.75,1061.0,0.0,0.0,22555.75
00:42:01,21550,PE,NSE:NIFTY26O0621550PE,1.0,-3.85,-79.38,1372085,299585,42075085,0.75,1.0,37.81,-0.007,22555.75
00:42:01,21550,CE,NSE:NIFTY26O0621550CE,1181.35,0.0,0.0,390,0,0,888.45,1022.75,99.2,0.832,22555.75
00:42:01,21600,PE,NSE:NIFTY26O0621600PE,0.9,-4.5,-83.33,4019080,965180,106010775,0.9,0.95,35.76,-0.007,22555.75
00:42:01,21600,CE,NSE:NIFTY26O0621600CE,960.0,111.45,13.13,4745,-130,1560,842.2,958.3,0.0,0.0,22555.75
00:42:01,21650,PE,NSE:NIFTY26O0621650PE,1.15,-4.9,-80.99,1453660,324540,91981695,1.05,1.15,35.2,-0.008,22555.75
00:42:01,21650,CE,NSE:NIFTY26O0621650CE,902.25,80.8,9.84,14300,2795,5525,900.35,907.1,0.0,0.0,22555.75
00:42:01,21700,PE,NSE:NIFTY26O0621700PE,1.2,-5.7,-82.61,5314725,1246565,153150075,1.1,1.2,33.75,-0.009,22555.75
00:42:01,21700,CE,NSE:NIFTY26O0621700CE,856.0,86.05,11.18,13715,-65,8060,849.65,855.55,0.0,0.0,22555.75
00:42:01,21750,PE,NSE:NIFTY26O0621750PE,1.25,-6.7,-84.28,2292680,709480,121188665,1.05,1.25,32.27,-0.01,22555.75
00:42:01,21750,CE,NSE:NIFTY26O0621750CE,805.65,89.35,12.47,8515,1170,10855,800.0,805.6,0.0,0.0,22555.75
00:42:01,21800,PE,NSE:NIFTY26O0621800PE,1.2,-8.0,-86.96,6673095,1155435,172242460,1.2,1.3,30.46,-0.01,22555.75
00:42:01,21800,CE,NSE:NIFTY26O0621800CE,757.15,81.15,12.0,38675,-3055,70720,753.9,757.0,0.0,0.0,22555.75
00:42:01,21850,PE,NSE:NIFTY26O0621850PE,1.35,-9.8,-87.89,3302390,1303250,108570150,1.35,1.5,29.25,-0.011,22555.75
00:42:01,21850,CE,NSE:NIFTY26O0621850CE,706.2,80.15,12.8,24830,910,24765,700.75,706.35,0.0,0.0,22555.75
00:42:01,21900,PE,NSE:NIFTY26O0621900PE,1.45,-12.1,-89.3,7452120,2679760,118251965,1.5,1.75,27.84,-0.013,22555.75
00:42:01,21900,CE,NSE:NIFTY26O0621900CE,656.2,80.45,13.97,34190,-4745,104520,654.2,657.15,0.0,0.0,22555.75
00:42:01,21950,PE,NSE:NIFTY26O0621950PE,2.0,-14.35,-87.77,3301480,1429480,88517130,2.0,2.25,27.35,-0.017,22555.75
00:42:01,21950,CE,NSE:NIFTY26O0621950CE,604.3,72.25,13.58,31785,3575,104000,602.95,609.1,0.0,0.0,22555.75
00:42:01,22000,PE,NSE:NIFTY26O0622000PE,2.5,-17.35,-87.41,13091910,3033410,232774035,2.4,2.65,26.47,-0.021,22555.75
00:42:01,22000,CE,NSE:NIFTY26O0622000CE,555.0,79.6,16.74,408005,-367900,3402230,555.4,558.2,0.0,0.0,22555.75
00:42:01,22050,PE,NSE:NIFTY26O0622050PE,3.2,-21.05,-86.8,3113110,1308060,109964660,3.0,3.2,25.65,-0.027,22555.75
00:42:01,22050,CE,NSE:NIFTY26O0622050CE,505.9,70.85,16.29,52000,1430,241280,505.45,507.75,0.0,0.0,22555.75
00:42:01,22100,PE,NSE:NIFTY26O0622100PE,3.55,-25.95,-87.97,6497400,2761070,192650900,3.55,3.7,24.17,-0.032,22555.75
00:42:01,22100,CE,NSE:NIFTY26O0622100CE,456.65,66.45,17.03,182715,-50180,1298375,456.05,457.9,0.0,0.0,22555.75
00:42:01,22150,PE,NSE:NIFTY26O0622150PE,4.75,-31.45,-86.88,4015960,1379620,152517885,4.5,4.75,23.46,-0.042,22555.75
00:42:01,22150,CE,NSE:NIFTY26O0622150CE,406.55,58.85,16.93,131105,17160,834730,408.1,409.75,0.0,0.0,22555.75
00:42:01,22200,PE,NSE:NIFTY26O0622200PE,6.4,-38.05,-85.6,9137115,2631785,293959510,6.3,6.4,22.76,-0.056,22555.75
00:42:01,22200,CE,NSE:NIFTY26O0622200CE,359.95,54.6,17.88,560300,-280735,7617675,359.65,361.0,0.0,0.0,22555.75
00:42:01,22250,PE,NSE:NIFTY26O0622250PE,8.5,-45.9,-84.38,4803890,2866500,211566160,8.55,9.15,21.97,-0.073,22555.75
00:42:01,22250,CE,NSE:NIFTY26O0622250CE,312.2,46.0,17.28,342550,-124280,5561660,311.85,313.85,0.0,0.0,22555.75
00:42:01,22300,PE,NSE:NIFTY26O0622300PE,12.75,-53.25,-80.68,10305490,2133950,413757305,12.55,12.75,21.86,-0.103,22555.75
00:42:01,22300,CE,NSE:NIFTY26O0622300CE,266.3,38.35,16.82,980655,-2212925,32351410,266.05,268.0,0.0,0.0,22555.75
00:42:01,22350,PE,NSE:NIFTY26O0622350PE,18.0,-63.4,-77.89,5143840,2783880,300722955,18.0,18.15,21.5,-0.138,22555.75
00:42:01,22350,CE,NSE:NIFTY26O0622350CE,221.35,26.65,13.69,593775,-487505,29632655,221.7,223.0,0.0,0.0,22555.75
00:42:01,22400,PE,NSE:NIFTY26O0622400PE,25.85,-73.45,-73.97,11527165,7291505,635255400,25.9,26.2,21.38,-0.186,22555.75
00:42:01,22400,CE,NSE:NIFTY26O0622400CE,179.6,18.1,11.21,2327845,-1235975,153831600,179.65,180.85,0.0,0.0,22555.75
00:42:01,22450,PE,NSE:NIFTY26O0622450PE,37.55,-82.75,-68.79,6061250,3967150,544837215,37.55,38.0,21.6,-0.246,22555.75
00:42:01,22450,CE,NSE:NIFTY26O0622450CE,141.35,8.9,6.72,1791075,-508625,209604915,141.35,142.45,0.0,0.0,22555.75
00:42:01,22500,PE,NSE:NIFTY26O0622500PE,53.65,-90.45,-62.77,12246000,7330240,862510545,53.15,53.7,22.08,-0.316,22555.75
00:42:01,22500,CE,NSE:NIFTY26O0622500CE,107.55,0.65,0.61,7929220,1042800,609486215,106.75,107.55,0.0,0.0,22555.75
00:42:01,22550,PE,NSE:NIFTY26O0622550PE,74.15,-98.2,-56.98,5216510,4178590,477883705,74.4,74.7,22.68,-0.389,22555.75
00:42:01,22550,CE,NSE:NIFTY26O0622550CE,79.5,-5.95,-6.96,6496945,2138765,543882560,78.65,79.35,6.11,0.847,22555.75
00:42:01,22600,PE,NSE:NIFTY26O0622600PE,101.15,-103.4,-50.55,5075395,2562235,413132525,100.3,101.15,23.85,-0.464,22555.75
00:42:01,22600,CE,NSE:NIFTY26O0622600CE,55.65,-11.65,-17.31,10677810,4588410,772215730,55.1,55.65,9.06,0.588,22555.75
00:42:01,22650,PE,NSE:NIFTY26O0622650PE,132.45,-108.35,-45.0,1151605,449540,118351740,131.35,132.4,25.14,-0.533,22555.75
00:42:01,22650,CE,NSE:NIFTY26O0622650CE,36.35,-15.35,-29.69,6547905,154375,408997355,36.25,36.7,10.23,0.415,22555.75
00:42:01,22700,PE,NSE:NIFTY26O0622700PE,169.4,-110.7,-39.52,2219945,-415025,96270200,168.1,169.3,26.97,-0.592,22555.75
00:42:01,22700,CE,NSE:NIFTY26O0622700CE,23.25,-17.5,-42.94,11212045,1543035,481875420,23.3,23.55,11.17,0.283,22555.75
00:42:01,22750,PE,NSE:NIFTY26O0622750PE,211.45,-106.35,-33.46,709930,-62595,22320155,210.0,211.45,29.4,-0.638,22555.75
00:42:01,22750,CE,NSE:NIFTY26O0622750CE,14.45,-17.55,-54.84,6162520,2117440,262445430,14.3,14.7,11.93,0.187,22555.75
00:42:01,22800,CE,NSE:NIFTY26O0622800CE,8.5,-16.25,-65.66,14484990,5541900,347258405,8.5,8.95,12.47,0.118,22555.75
00:42:01,22800,PE,NSE:NIFTY26O0622800PE,254.7,-108.95,-29.96,1304615,-503745,23180170,254.4,255.55,31.71,-0.677,22555.75
00:42:01,22850,PE,NSE:NIFTY26O0622850PE,302.95,-103.7,-25.5,228345,-132730,3558295,301.3,303.25,34.92,-0.704,22555.75
00:42:01,22850,CE,NSE:NIFTY26O0622850CE,5.3,-14.25,-72.89,6270745,2917135,173883320,5.35,5.9,13.22,0.076,22555.75
00:42:01,22900,PE,NSE:NIFTY26O0622900PE,350.15,-100.25,-22.26,505765,-332215,4687670,349.5,351.6,37.69,-0.728,22555.75
00:42:01,22900,CE,NSE:NIFTY26O0622900CE,4.0,-11.25,-73.77,11205610,4143690,192286250,3.9,4.05,14.48,0.055,22555.75
00:42:01,22950,PE,NSE:NIFTY26O0622950PE,399.7,-102.9,-20.47,361920,-88920,907140,397.4,400.3,40.89,-0.745,22555.75
00:42:01,22950,CE,NSE:NIFTY26O0622950CE,2.85,-9.45,-76.83,4714580,1548240,85016750,2.85,3.25,15.47,0.039,22555.75
00:42:01,23000,PE,NSE:NIFTY26O0623000PE,448.55,-100.7,-18.33,1046370,-617430,4398550,447.2,448.9,43.79,-0.761,22555.75
00:42:01,23000,CE,NSE:NIFTY26O0623000CE,2.4,-7.9,-76.7,14848860,1084160,177855080,2.4,2.6,16.85,0.031,22555.75
00:42:01,23050,CE,NSE:NIFTY26O0623050CE,2.05,-6.25,-75.3,4538755,1050915,81236545,1.8,2.0,18.19,0.025,22555.75
00:42:01,23050,PE,NSE:NIFTY26O0623050PE,499.8,-99.6,-16.62,232635,-235625,841035,496.0,499.35,47.26,-0.771,22555.75
00:42:01,23100,PE,NSE:NIFTY26O0623100PE,546.0,-97.4,-15.14,453895,-629265,1186055,546.2,548.6,49.22,-0.787,22555.75
00:42:01,23100,CE,NSE:NIFTY26O0623100CE,1.4,-5.65,-80.14,8450260,2297420,113577035,1.4,1.75,18.83,0.017,22555.75
00:42:01,23150,PE,NSE:NIFTY26O0623150PE,595.5,-90.15,-13.15,87490,-41470,127335,596.3,599.0,52.02,-0.797,22555.75
00:42:01,23150,CE,NSE:NIFTY26O0623150CE,1.25,-4.75,-79.17,2897635,383115,61645870,1.25,1.5,20.16,0.015,22555.75
00:42:01,23200,CE,NSE:NIFTY26O0623200CE,1.15,-3.95,-77.45,8295430,-1180070,103646400,1.15,1.25,21.53,0.013,22555.75
00:42:01,23200,PE,NSE:NIFTY26O0623200PE,650.1,-90.25,-12.19,359970,-103870,312195,645.35,648.6,56.31,-0.799,22555.75
00:42:01,23250,PE,NSE:NIFTY26O0623250PE,697.5,-86.25,-11.0,252135,-18005,75075,694.25,698.15,58.38,-0.81,22555.75
00:42:01,23250,CE,NSE:NIFTY26O0623250CE,1.05,-3.3,-75.86,3334435,1304615,40557270,0.95,1.1,22.84,0.011,22555.75
00:42:01,23300,PE,NSE:NIFTY26O0623300PE,744.35,-87.1,-10.48,815620,-189080,377650,744.35,747.45,60.17,-0.821,22555.75
00:42:01,23300,CE,NSE:NIFTY26O0623300CE,0.8,-3.0,-78.95,6976840,-1160960,79508975,0.8,1.0,23.57,0.009,22555.75
00:42:01,23350,PE,NSE:NIFTY26O0623350PE,794.25,-104.65,-11.64,67600,-9165,65975,795.0,798.7,62.88,-0.827,22555.75
00:42:01,23350,CE,NSE:NIFTY26O0623350CE,0.7,-2.45,-77.78,1922440,108160,32011785,0.7,0.9,24.67,0.007,22555.75
00:42:01,23400,PE,NSE:NIFTY26O0623400PE,844.15,-98.2,-10.42,447720,-103740,192855,843.0,848.0,65.54,-0.833,22555.75
00:42:01,23400,CE,NSE:NIFTY26O0623400CE,0.65,-2.05,-75.93,4058210,-1034470,49476115,0.65,0.85,25.91,0.007,22555.75
00:42:01,23450,PE,NSE:NIFTY26O0623450PE,899.5,-85.0,-8.63,46800,-2275,83785,894.7,900.65,70.02,-0.832,22555.75
00:42:01,23450,CE,NSE:NIFTY26O0623450CE,0.85,-1.6,-65.31,1212315,-78845,20146750,0.7,0.8,28.22,0.008,22555.75
00:42:01,23500,CE,NSE:NIFTY26O0623500CE,0.7,-1.55,-68.89,13427050,930050,91780845,0.7,0.75,29.03,0.006,22555.75
00:42:01,23500,PE,NSE:NIFTY26O0623500PE,946.95,-97.75,-9.36,783315,-207545,712335,942.0,947.55,71.8,-0.839,22555.75
00:42:01,23550,PE,NSE:NIFTY26O0623550PE,1001.25,-75.3,-6.99,47450,-17485,34320,990.1,1000.5,75.9,-0.839,22555.75
00:42:01,23550,CE,NSE:NIFTY26O0623550CE,0.55,-1.45,-72.5,1122550,-505250,14514630,0.55,0.6,29.66,0.005,22555.75
00:42:01,23600,PE,NSE:NIFTY26O0623600PE,1045.0,-88.5,-7.81,110630,-50635,117585,1043.1,1049.5,76.27,-0.85,22555.75
00:42:01,23600,CE,NSE:NIFTY26O0623600CE,0.5,-1.3,-72.22,3258645,-1291675,35857510,0.5,0.55,30.73,0.004,22555.75
00:42:01,23650,PE,NSE:NIFTY26O0623650PE,1095.0,-91.6,-7.72,55770,-7995,15405,1077.65,1121.3,78.81,-0.854,22555.75
00:42:01,23650,CE,NSE:NIFTY26O0623650CE,0.45,-1.2,-72.73,869245,23075,8894535,0.45,0.5,31.75,0.004,22555.75
00:42:01,23700,PE,NSE:NIFTY26O0623700PE,1145.4,-92.3,-7.46,57200,-28795,58760,1141.4,1147.85,81.47,-0.857,22555.75
00:42:01,23700,CE,NSE:NIFTY26O0623700CE,0.45,-1.1,-70.97,2565030,-1329900,19349200,0.4,0.45,33.1,0.004,22555.75
00:42:01,23750,CE,NSE:NIFTY26O0623750CE,0.4,-1.05,-72.41,698880,-383240,5014750,0.4,0.5,34.03,0.003,22555.75
00:42:01,23750,PE,NSE:NIFTY26O0623750PE,1210.9,-67.0,-5.24,4030,-455,975,1159.1,1237.05,89.63,-0.844,22555.75
00:42:01,23800,CE,NSE:NIFTY26O0623800CE,0.35,-1.0,-74.07,2661490,-1513650,23994035,0.35,0.4,34.89,0.003,22555.75
00:42:01,23800,PE,NSE:NIFTY26O0623800PE,1247.0,-82.15,-6.18,76115,-27755,73255,1241.15,1249.75,87.02,-0.862,22555.75
00:43:01,21300,PE,NSE:NIFTY26O0621300PE,0.7,-2.3,-76.67,1497925,-1263335,29962400,0.65,0.7,44.01,-0.004,22555.75
00:43:01,21300,CE,NSE:NIFTY26O0621300CE,2880.7,0.0,0.0,0,0,0,1117.0,1412.8,0.0,0.0,22555.75
00:43:01,21350,PE,NSE:NIFTY26O0621350PE,0.65,-2.6,-80.0,688220,-211640,14155700,0.65,0.8,42.14,-0.004,22555.75
00:43:01,21350,CE,NSE:NIFTY26O0621350CE,2831.3,0.0,0.0,0,0,0,1067.9,1392.4,0.0,0.0,22555.75
00:43:01,21400,PE,NSE:NIFTY26O0621400PE,0.8,-2.75,-77.46,2614170,-572330,49591750,0.7,0.8,41.53,-0.005,22555.75
00:43:01,21400,CE,NSE:NIFTY26O0621400CE,1149.55,77.6,7.24,1495,195,650,1149.75,1160.0,0.0,0.0,22555.75
00:43:01,21450,PE,NSE:NIFTY26O0621450PE,0.7,-3.25,-82.28,712985,-80600,18791435,0.7,0.95,39.39,-0.005,22555.75
00:43:01,21450,CE,NSE:NIFTY26O0621450CE,1094.6,211.05,23.89,2145,1755,6695,1056.75,1122.65,0.0,0.0,22555.75
00:43:01,21500,PE,NSE:NIFTY26O0621500PE,0.9,-3.6,-80.0,14735175,5117905,113477520,0.85,0.9,38.93,-0.006,22555.75
00:43:01,21500,CE,NSE:NIFTY26O0621500CE,1052.25,91.85,9.56,17485,-2340,32500,1049.75,1061.0,0.0,0.0,22555.75
00:43:01,21550,PE,NSE:NIFTY26O0621550PE,1.0,-3.85,-79.38,1372085,299585,42075085,0.75,1.0,37.81,-0.007,22555.75
00:43:01,21550,CE,NSE:NIFTY26O0621550CE,1181.35,0.0,0.0,390,0,0,888.45,1022.75,99.2,0.832,22555.75
00:43:01,21600,PE,NSE:NIFTY26O0621600PE,0.9,-4.5,-83.33,4019080,965180,106010775,0.9,0.95,35.76,-0.007,22555.75
00:43:01,21600,CE,NSE:NIFTY26O0621600CE,960.0,111.45,13.13,4745,-130,1560,842.2,958.3,0.0,0.0,22555.75
00:43:01,21650,PE,NSE:NIFTY26O0621650PE,1.15,-4.9,-80.99,1453660,324540,91981695,1.05,1.15,35.2,-0.008,22555.75
00:43:01,21650,CE,NSE:NIFTY26O0621650CE,902.25,80.8,9.84,14300,2795,5525,900.35,907.1,0.0,0.0,22555.75
00:43:01,21700,PE,NSE:NIFTY26O0621700PE,1.2,-5.7,-82.61,5314725,1246565,153150075,1.1,1.2,33.75,-0.009,22555.75
00:43:01,21700,CE,NSE:NIFTY26O0621700CE,856.0,86.05,11.18,13715,-65,8060,849.65,855.55,0.0,0.0,22555.75
00:43:01,21750,PE,NSE:NIFTY26O0621750PE,1.25,-6.7,-84.28,2292680,709480,121188665,1.05,1.25,32.27,-0.01,22555.75
00:43:01,21750,CE,NSE:NIFTY26O0621750CE,805.65,89.35,12.47,8515,1170,10855,800.0,805.6,0.0,0.0,22555.75
00:43:01,21800,PE,NSE:NIFTY26O0621800PE,1.2,-8.0,-86.96,6673095,1155435,172242460,1.2,1.3,30.46,-0.01,22555.75
00:43:01,21800,CE,NSE:NIFTY26O0621800CE,757.15,81.15,12.0,38675,-3055,70720,753.9,757.0,0.0,0.0,22555.75
00:43:01,21850,PE,NSE:NIFTY26O0621850PE,1.35,-9.8,-87.89,3302390,1303250,108570150,1.35,1.5,29.25,-0.011,22555.75
00:43:01,21850,CE,NSE:NIFTY26O0621850CE,706.2,80.15,12.8,24830,910,24765,700.75,706.35,0.0,0.0,22555.75
00:43:01,21900,PE,NSE:NIFTY26O0621900PE,1.45,-12.1,-89.3,7452120,2679760,118251965,1.5,1.75,27.84,-0.013,22555.75
00:43:01,21900,CE,NSE:NIFTY26O0621900CE,656.2,80.45,13.97,34190,-4745,104520,654.2,657.15,0.0,0.0,22555.75
00:43:01,21950,PE,NSE:NIFTY26O0621950PE,2.0,-14.35,-87.77,3301480,1429480,88517130,2.0,2.25,27.35,-0.017,22555.75
00:43:01,21950,CE,NSE:NIFTY26O0621950CE,604.3,72.25,13.58,31785,3575,104000,602.95,609.1,0.0,0.0,22555.75
00:43:01,22000,PE,NSE:NIFTY26O0622000PE,2.5,-17.35,-87.41,13091910,3033410,232774035,2.4,2.65,26.47,-0.021,22555.75
00:43:01,22000,CE,NSE:NIFTY26O0622000CE,555.0,79.6,16.74,408005,-367900,3402230,555.4,558.2,0.0,0.0,22555.75
00:43:01,22050,PE,NSE:NIFTY26O0622050PE,3.2,-21.05,-86.8,3113110,1308060,109964660,3.0,3.2,25.65,-0.027,22555.75
00:43:01,22050,CE,NSE:NIFTY26O0622050CE,505.9,70.85,16.29,52000,1430,241280,505.45,507.75,0.0,0.0,22555.75
00:43:01,22100,PE,NSE:NIFTY26O0622100PE,3.55,-25.95,-87.97,6497400,2761070,192650900,3.55,3.7,24.17,-0.032,22555.75
00:43:01,22100,CE,NSE:NIFTY26O0622100CE,456.65,66.45,17.03,182715,-50180,1298375,456.05,457.9,0.0,0.0,22555.75
00:43:01,22150,PE,NSE:NIFTY26O0622150PE,4.75,-31.45,-86.88,4015960,1379620,152517885,4.5,4.75,23.46,-0.042,22555.75
00:43:01,22150,CE,NSE:NIFTY26O0622150CE,406.55,58.85,16.93,131105,17160,834730,408.1,409.75,0.0,0.0,22555.75
00:43:01,22200,PE,NSE:NIFTY26O0622200PE,6.4,-38.05,-85.6,9137115,2631785,293959510,6.3,6.4,22.76,-0.056,22555.75
00:43:01,22200,CE,NSE:NIFTY26O0622200CE,359.95,54.6,17.88,560300,-280735,7617675,359.65,361.0,0.0,0.0,22555.75
00:43:01,22250,PE,NSE:NIFTY26O0622250PE,8.5,-45.9,-84.38,4803890,2866500,211566160,8.55,9.15,21.97,-0.073,22555.75
00:43:01,22250,CE,NSE:NIFTY26O0622250CE,312.2,46.0,17.28,342550,-124280,5561660,311.85,313.85,0.0,0.0,22555.75
00:43:01,22300,PE,NSE:NIFTY26O0622300PE,12.75,-53.25,-80.68,10305490,2133950,413757305,12.55,12.75,21.86,-0.103,22555.75
00:43:01,22300,CE,NSE:NIFTY26O0622300CE,266.3,38.35,16.82,980655,-2212925,32351410,266.05,268.0,0.0,0.0,22555.75
00:43:01,22350,PE,NSE:NIFTY26O0622350PE,18.0,-63.4,-77.89,5143840,2783880,300722955,18.0,18.15,21.5,-0.138,22555.75
00:43:01,22350,CE,NSE:NIFTY26O0622350CE,221.35,26.65,13.69,593775,-487505,29632655,221.7,223.0,0.0,0.0,22555.75
00:43:01,22400,PE,NSE:NIFTY26O0622400PE,25.85,-73.45,-73.97,11527165,7291505,635255400,25.9,26.2,21.38,-0.186,22555.75
00:43:01,22400,CE,NSE:NIFTY26O0622400CE,179.6,18.1,11.21,2327845,-1235975,153831600,179.65,180.85,0.0,0.0,22555.75
00:43:01,22450,PE,NSE:NIFTY26O0622450PE,37.55,-82.75,-68.79,6061250,3967150,544837215,37.55,38.0,21.6,-0.246,22555.75
00:43:01,22450,CE,NSE:NIFTY26O0622450CE,141.35,8.9,6.72,1791075,-508625,209604915,141.35,142.45,0.0,0.0,22555.75
00:43:01,22500,PE,NSE:NIFTY26O0622500PE,53.65,-90.45,-62.77,12246000,7330240,862510545,53.15,53.7,22.08,-0.316,22555.75
00:43:01,22500,CE,NSE:NIFTY26O0622500CE,107.55,0.65,0.61,7929220,1042800,609486215,106.75,107.55,0.0,0.0,22555.75
00:43:01,22550,PE,NSE:NIFTY26O0622550PE,74.15,-98.2,-56.98,5216510,4178590,477883705,74.4,74.7,22.68,-0.389,22555.75
00:43:01,22550,CE,NSE:NIFTY26O0622550CE,79.5,-5.95,-6.96,6496945,2138765,543882560,78.65,79.35,6.11,0.847,22555.75
00:43:01,22600,PE,NSE:NIFTY26O0622600PE,101.15,-103.4,-50.55,5075395,2562235,413132525,100.3,101.15,23.85,-0.464,22555.75
00:43:01,22600,CE,NSE:NIFTY26O0622600CE,55.65,-11.65,-17.31,10677810,4588410,772215730,55.1,55.65,9.06,0.588,22555.75
00:43:01,22650,PE,NSE:NIFTY26O0622650PE,132.45,-108.35,-45.0,1151605,449540,118351740,131.35,132.4,25.14,-0.533,22555.75
00:43:01,22650,CE,NSE:NIFTY26O0622650CE,36.35,-15.35,-29.69,6547905,154375,408997355,36.25,36.7,10.23,0.415,22555.75
00:43:01,22700,PE,NSE:NIFTY26O0622700PE,169.4,-110.7,-39.52,2219945,-415025,96270200,168.1,169.3,26.97,-0.592,22555.75
00:43:01,22700,CE,NSE:NIFTY26O0622700CE,23.25,-17.5,-42.94,11212045,1543035,481875420,23.3,23.55,11.17,0.283,22555.75
00:43:01,22750,PE,NSE:NIFTY26O0622750PE,211.45,-106.35,-33.46,709930,-62595,22320155,210.0,211.45,29.4,-0.638,22555.75
00:43:01,22750,CE,NSE:NIFTY26O0622750CE,14.45,-17.55,-54.84,6162520,2117440,262445430,14.3,14.7,11.93,0.187,22555.75
00:43:01,22800,CE,NSE:NIFTY26O0622800CE,8.5,-16.25,-65.66,14484990,5541900,347258405,8.5,8.95,12.47,0.118,22555.75
00:43:01,22800,PE,NSE:NIFTY26O0622800PE,254.7,-108.95,-29.96,1304615,-503745,23180170,254.4,255.55,31.71,-0.677,22555.75
00:43:01,22850,PE,NSE:NIFTY26O0622850PE,302.95,-103.7,-25.5,228345,-132730,3558295,301.3,303.25,34.92,-0.704,22555.75
00:43:01,22850,CE,NSE:NIFTY26O0622850CE,5.3,-14.25,-72.89,6270745,2917135,173883320,5.35,5.9,13.22,0.076,22555.75
00:43:01,22900,PE,NSE:NIFTY26O0622900PE,350.15,-100.25,-22.26,505765,-332215,4687670,349.5,351.6,37.69,-0.728,22555.75
00:43:01,22900,CE,NSE:NIFTY26O0622900CE,4.0,-11.25,-73.77,11205610,4143690,192286250,3.9,4.05,14.48,0.055,22555.75
00:43:01,22950,PE,NSE:NIFTY26O0622950PE,399.7,-102.9,-20.47,361920,-88920,907140,397.4,400.3,40.89,-0.745,22555.75
00:43:01,22950,CE,NSE:NIFTY26O0622950CE,2.85,-9.45,-76.83,4714580,1548240,85016750,2.85,3.25,15.47,0.039,22555.75
00:43:01,23000,PE,NSE:NIFTY26O0623000PE,448.55,-100.7,-18.33,1046370,-617430,4398550,447.2,448.9,43.79,-0.761,22555.75
00:43:01,23000,CE,NSE:NIFTY26O0623000CE,2.4,-7.9,-76.7,14848860,1084160,177855080,2.4,2.6,16.85,0.031,22555.75
00:43:01,23050,CE,NSE:NIFTY26O0623050CE,2.05,-6.25,-75.3,4538755,1050915,81236545,1.8,2.0,18.19,0.025,22555.75
00:43:01,23050,PE,NSE:NIFTY26O0623050PE,499.8,-99.6,-16.62,232635,-235625,841035,496.0,499.35,47.26,-0.771,22555.75
00:43:01,23100,PE,NSE:NIFTY26O0623100PE,546.0,-97.4,-15.14,453895,-629265,1186055,546.2,548.6,49.22,-0.787,22555.75
00:43:01,23100,CE,NSE:NIFTY26O0623100CE,1.4,-5.65,-80.14,8450260,2297420,113577035,1.4,1.75,18.83,0.017,22555.75
00:43:01,23150,PE,NSE:NIFTY26O0623150PE,595.5,-90.15,-13.15,87490,-41470,127335,596.3,599.0,52.02,-0.797,22555.75
00:43:01,23150,CE,NSE:NIFTY26O0623150CE,1.25,-4.75,-79.17,2897635,383115,61645870,1.25,1.5,20.16,0.015,22555.75
00:43:01,23200,CE,NSE:NIFTY26O0623200CE,1.15,-3.95,-77.45,8295430,-1180070,103646400,1.15,1.25,21.53,0.013,22555.75
00:43:01,23200,PE,NSE:NIFTY26O0623200PE,650.1,-90.25,-12.19,359970,-103870,312195,645.35,648.6,56.31,-0.799,22555.75
00:43:01,23250,PE,NSE:NIFTY26O0623250PE,697.5,-86.25,-11.0,252135,-18005,75075,694.25,698.15,58.38,-0.81,22555.75
00:43:01,23250,CE,NSE:NIFTY26O0623250CE,1.05,-3.3,-75.86,3334435,1304615,40557270,0.95,1.1,22.84,0.011,22555.75
00:43:01,23300,PE,NSE:NIFTY26O0623300PE,744.35,-87.1,-10.48,815620,-189080,377650,744.35,747.45,60.17,-0.821,22555.75
00:43:01,23300,CE,NSE:NIFTY26O0623300CE,0.8,-3.0,-78.95,6976840,-1160960,79508975,0.8,1.0,23.57,0.009,22555.75
00:43:01,23350,PE,NSE:NIFTY26O0623350PE,794.25,-104.65,-11.64,67600,-9165,65975,795.0,798.7,62.88,-0.827,22555.75
00:43:01,23350,CE,NSE:NIFTY26O0623350CE,0.7,-2.45,-77.78,1922440,108160,32011785,0.7,0.9,24.67,0.007,22555.75
00:43:01,23400,PE,NSE:NIFTY26O0623400PE,844.15,-98.2,-10.42,447720,-103740,192855,843.0,848.0,65.54,-0.833,22555.75
00:43:01,23400,CE,NSE:NIFTY26O0623400CE,0.65,-2.05,-75.93,4058210,-1034470,49476115,0.65,0.85,25.91,0.007,22555.75
00:43:01,23450,PE,NSE:NIFTY26O0623450PE,899.5,-85.0,-8.63,46800,-2275,83785,894.7,900.65,70.02,-0.832,22555.75
00:43:01,23450,CE,NSE:NIFTY26O0623450CE,0.85,-1.6,-65.31,1212315,-78845,20146750,0.7,0.8,28.22,0.008,22555.75
00:43:01,23500,CE,NSE:NIFTY26O0623500CE,0.7,-1.55,-68.89,13427050,930050,91780845,0.7,0.75,29.03,0.006,22555.75
00:43:01,23500,PE,NSE:NIFTY26O0623500PE,946.95,-97.75,-9.36,783315,-207545,712335,942.0,947.55,71.8,-0.839,22555.75
00:43:01,23550,PE,NSE:NIFTY26O0623550PE,1001.25,-75.3,-6.99,47450,-17485,34320,990.1,1000.5,75.9,-0.839,22555.75
00:43:01,23550,CE,NSE:NIFTY26O0623550CE,0.55,-1.45,-72.5,1122550,-505250,14514630,0.55,0.6,29.66,0.005,22555.75
00:43:01,23600,PE,NSE:NIFTY26O0623600PE,1045.0,-88.5,-7.81,110630,-50635,117585,1043.1,1049.5,76.27,-0.85,22555.75
00:43:01,23600,CE,NSE:NIFTY26O0623600CE,0.5,-1.3,-72.22,3258645,-1291675,35857510,0.5,0.55,30.73,0.004,22555.75
00:43:01,23650,PE,NSE:NIFTY26O0623650PE,1095.0,-91.6,-7.72,55770,-7995,15405,1077.65,1121.3,78.81,-0.854,22555.75
00:43:01,23650,CE,NSE:NIFTY26O0623650CE,0.45,-1.2,-72.73,869245,23075,8894535,0.45,0.5,31.75,0.004,22555.75
00:43:01,23700,PE,NSE:NIFTY26O0623700PE,1145.4,-92.3,-7.46,57200,-28795,58760,1141.4,1147.85,81.47,-0.857,22555.75
00:43:01,23700,CE,NSE:NIFTY26O0623700CE,0.45,-1.1,-70.97,2565030,-1329900,19349200,0.4,0.45,33.1,0.004,22555.75
00:43:01,23750,CE,NSE:NIFTY26O0623750CE,0.4,-1.05,-72.41,698880,-383240,5014750,0.4,0.5,34.03,0.003,22555.75
00:43:01,23750,PE,NSE:NIFTY26O0623750PE,1210.9,-67.0,-5.24,4030,-455,975,1159.1,1237.05,89.63,-0.844,22555.75
00:43:01,23800,CE,NSE:NIFTY26O0623800CE,0.35,-1.0,-74.07,2661490,-1513650,23994035,0.35,0.4,34.89,0.003,22555.75
00:43:01,23800,PE,NSE:NIFTY26O0623800PE,1247.0,-82.15,-6.18,76115,-27755,73255,1241.15,1249.75,87.02,-0.862,22555.75
